d_m	L_m	m_m	m_ogive	m_payload	m_equipement	m_cruise_res	m_cruise_prop	m_engine_housing	m_acc_res	m_acc_prop	m_nozzle	m_Tails	m_AirIntakes	m_Wings	L_ogive	L_payload	L_equipement	L_cruise_res	L_cruise_prop	L_engine_housing	L_acc_res	L_acc_prop	L_nozzle	L_AirIntakes	L_Tails	L_Wings	Impulsion sp√©cifique	Masse volumique
0.20000	9.53987	655.63977	25	200	55	18.49111	65.55940	10	48.21299	123.97626	12	16	45.00000	36.40000	0.60000	2.12207	1.16714	2.31869	2.08682	0.10000	3.13197	2.19238	0.10000	5.55066	0.20000	0.60000	1041.47000	1600
0.20100	9.48793	657.12997	25	200	55	18.67649	66.21663	10	48.33425	124.28807	12	16	45.10025	36.51429	0.60300	2.10100	1.15555	2.31869	2.08682	0.10050	3.10869	2.17608	0.10050	5.52788	0.20100	0.60300	1041.47000	1600
0.20200	9.43682	658.62760	25	200	55	18.86278	66.87714	10	48.45611	124.60142	12	16	45.20100	36.62914	0.60600	2.08025	1.14414	2.31869	2.08682	0.10100	3.08574	2.16002	0.10100	5.50543	0.20200	0.60600	1041.47000	1600
0.20300	9.38653	660.13266	25	200	55	19.05001	67.54093	10	48.57858	124.91634	12	16	45.30225	36.74457	0.60900	2.05981	1.13289	2.31869	2.08682	0.10150	3.06314	2.14420	0.10150	5.48333	0.20300	0.60900	1041.47000	1600
0.20400	9.33703	661.64516	25	200	55	19.23815	68.20800	10	48.70165	125.23281	12	16	45.40400	36.86056	0.61200	2.03966	1.12181	2.31869	2.08682	0.10200	3.04087	2.12861	0.10200	5.46156	0.20400	0.61200	1041.47000	1600
0.20500	9.28832	663.16510	25	200	55	19.42723	68.87834	10	48.82532	125.55083	12	16	45.50625	36.97713	0.61500	2.01981	1.11090	2.31869	2.08682	0.10250	3.01892	2.11324	0.10250	5.44011	0.20500	0.61500	1041.47000	1600
0.20600	9.24037	664.69247	25	200	55	19.61722	69.55197	10	48.94961	125.87041	12	16	45.60900	37.09426	0.61800	2.00025	1.10014	2.31869	2.08682	0.10300	2.99729	2.09810	0.10300	5.41898	0.20600	0.61800	1041.47000	1600
0.20700	9.19317	666.22727	25	200	55	19.80814	70.22887	10	49.07449	126.19155	12	16	45.71225	37.21196	0.62100	1.98097	1.08953	2.31869	2.08682	0.10350	2.97597	2.08318	0.10350	5.39816	0.20700	0.62100	1041.47000	1600
0.20800	9.14671	667.76950	25	200	55	19.99999	70.90905	10	49.19998	126.51425	12	16	45.81600	37.33024	0.62400	1.96197	1.07908	2.31869	2.08682	0.10400	2.95496	2.06848	0.10400	5.37765	0.20800	0.62400	1041.47000	1600
0.20900	9.10097	669.31917	25	200	55	20.19276	71.59250	10	49.32608	126.83850	12	16	45.92025	37.44909	0.62700	1.94324	1.06878	2.31869	2.08682	0.10450	2.93426	2.05398	0.10450	5.35745	0.20900	0.62700	1041.47000	1600
0.21000	9.05594	670.87628	25	200	55	20.38645	72.27924	10	49.45278	127.16430	12	16	46.02500	37.56850	0.63000	1.92478	1.05863	2.31869	2.08682	0.10500	2.91384	2.03969	0.10500	5.33753	0.21000	0.63000	1041.47000	1600
0.21100	9.01160	672.44082	25	200	55	20.58107	72.96925	10	49.58009	127.49167	12	16	46.13025	37.68849	0.63300	1.90658	1.04862	2.31869	2.08682	0.10550	2.89372	2.02560	0.10550	5.31791	0.21100	0.63300	1041.47000	1600
0.21200	8.96795	674.01279	25	200	55	20.77661	73.66254	10	49.70801	127.82059	12	16	46.23600	37.80904	0.63600	1.88863	1.03875	2.31869	2.08682	0.10600	2.87388	2.01172	0.10600	5.29857	0.21200	0.63600	1041.47000	1600
0.21300	8.92496	675.59219	25	200	55	20.97308	74.35911	10	49.83652	128.15106	12	16	46.34225	37.93017	0.63900	1.87094	1.02902	2.31869	2.08682	0.10650	2.85432	1.99802	0.10650	5.27951	0.21300	0.63900	1041.47000	1600
0.21400	8.88264	677.17903	25	200	55	21.17047	75.05896	10	49.96565	128.48309	12	16	46.44900	38.05186	0.64200	1.85349	1.01942	2.31869	2.08682	0.10700	2.83503	1.98452	0.10700	5.26072	0.21400	0.64200	1041.47000	1600
0.21500	8.84096	678.77331	25	200	55	21.36879	75.76208	10	50.09538	128.81668	12	16	46.55625	38.17413	0.64500	1.83629	1.00996	2.31869	2.08682	0.10750	2.81601	1.97121	0.10750	5.24220	0.21500	0.64500	1041.47000	1600
0.21600	8.79991	680.37501	25	200	55	21.56803	76.46848	10	50.22571	129.15183	12	16	46.66400	38.29696	0.64800	1.81933	1.00063	2.31869	2.08682	0.10800	2.79726	1.95808	0.10800	5.22395	0.21600	0.64800	1041.47000	1600
0.21700	8.75948	681.98415	25	200	55	21.76820	77.17816	10	50.35665	129.48853	12	16	46.77225	38.42037	0.65100	1.80260	0.99143	2.31869	2.08682	0.10850	2.77876	1.94513	0.10850	5.20595	0.21700	0.65100	1041.47000	1600
0.21800	8.71966	683.60073	25	200	55	21.96929	77.89112	10	50.48819	129.82678	12	16	46.88100	38.54434	0.65400	1.78610	0.98236	2.31869	2.08682	0.10900	2.76052	1.93236	0.10900	5.18821	0.21800	0.65400	1041.47000	1600
0.21900	8.68045	685.22474	25	200	55	22.17131	78.60736	10	50.62034	130.16660	12	16	46.99025	38.66889	0.65700	1.76983	0.97340	2.31869	2.08682	0.10950	2.74253	1.91977	0.10950	5.17072	0.21900	0.65700	1041.47000	1600
0.22000	8.64182	686.85618	25	200	55	22.37425	79.32687	10	50.75310	130.50797	12	16	47.10000	38.79400	0.66000	1.75377	0.96458	2.31869	2.08682	0.11000	2.72478	1.90735	0.11000	5.15347	0.22000	0.66000	1041.47000	1600
0.22100	8.60376	688.49506	25	200	55	22.57811	80.04967	10	50.88646	130.85089	12	16	47.21025	38.91969	0.66300	1.73794	0.95587	2.31869	2.08682	0.11050	2.70727	1.89509	0.11050	5.13646	0.22100	0.66300	1041.47000	1600
0.22200	8.56628	690.14137	25	200	55	22.78290	80.77574	10	51.02042	131.19537	12	16	47.32100	39.04594	0.66600	1.72232	0.94727	2.31869	2.08682	0.11100	2.69000	1.88300	0.11100	5.11969	0.22200	0.66600	1041.47000	1600
0.22300	8.52935	691.79512	25	200	55	22.98861	81.50508	10	51.15499	131.54141	12	16	47.43225	39.17277	0.66900	1.70690	0.93880	2.31869	2.08682	0.11150	2.67296	1.87107	0.11150	5.10315	0.22300	0.66900	1041.47000	1600
0.22400	8.49297	693.45630	25	200	55	23.19525	82.23771	10	51.29017	131.88901	12	16	47.54400	39.30016	0.67200	1.69170	0.93043	2.31869	2.08682	0.11200	2.65615	1.85930	0.11200	5.08684	0.22400	0.67200	1041.47000	1600
0.22500	8.45712	695.12491	25	200	55	23.40281	82.97361	10	51.42595	132.23816	12	16	47.65625	39.42813	0.67500	1.67669	0.92218	2.31869	2.08682	0.11250	2.63956	1.84769	0.11250	5.07075	0.22500	0.67500	1041.47000	1600
0.22600	8.42181	696.80096	25	200	55	23.61130	83.71280	10	51.56234	132.58886	12	16	47.76900	39.55666	0.67800	1.66189	0.91404	2.31869	2.08682	0.11300	2.62319	1.83623	0.11300	5.05488	0.22600	0.67800	1041.47000	1600
0.22700	8.38701	698.48444	25	200	55	23.82071	84.45526	10	51.69933	132.94113	12	16	47.88225	39.68577	0.68100	1.64728	0.90600	2.31869	2.08682	0.11350	2.60704	1.82493	0.11350	5.03923	0.22700	0.68100	1041.47000	1600
0.22800	8.35272	700.17536	25	200	55	24.03105	85.20100	10	51.83692	133.29495	12	16	47.99600	39.81544	0.68400	1.63286	0.89807	2.31869	2.08682	0.11400	2.59110	1.81377	0.11400	5.02379	0.22800	0.68400	1041.47000	1600
0.22900	8.31893	701.87371	25	200	55	24.24231	85.95001	10	51.97513	133.65032	12	16	48.11025	39.94569	0.68700	1.61863	0.89025	2.31869	2.08682	0.11450	2.57536	1.80275	0.11450	5.00855	0.22900	0.68700	1041.47000	1600
0.23000	8.28564	703.57949	25	200	55	24.45450	86.70231	10	52.11393	134.00726	12	16	48.22500	40.07650	0.69000	1.60459	0.88252	2.31869	2.08682	0.11500	2.55984	1.79189	0.11500	4.99353	0.23000	0.69000	1041.47000	1600
0.23100	8.25282	705.29271	25	200	55	24.66761	87.45788	10	52.25335	134.36575	12	16	48.34025	40.20789	0.69300	1.59072	0.87490	2.31869	2.08682	0.11550	2.54451	1.78116	0.11550	4.97870	0.23100	0.69300	1041.47000	1600
0.23200	8.22048	707.01336	25	200	55	24.88164	88.21673	10	52.39336	134.72579	12	16	48.45600	40.33984	0.69600	1.57704	0.86737	2.31869	2.08682	0.11600	2.52938	1.77057	0.11600	4.96407	0.23200	0.69600	1041.47000	1600
0.23300	8.18861	708.74145	25	200	55	25.09660	88.97886	10	52.53399	135.08739	12	16	48.57225	40.47237	0.69900	1.56353	0.85994	2.31869	2.08682	0.11650	2.51445	1.76011	0.11650	4.94964	0.23300	0.69900	1041.47000	1600
0.23400	8.15720	710.47697	25	200	55	25.31248	89.74426	10	52.67521	135.45055	12	16	48.68900	40.60546	0.70200	1.55020	0.85261	2.31869	2.08682	0.11700	2.49970	1.74979	0.11700	4.93539	0.23400	0.70200	1041.47000	1600
0.23500	8.12624	712.21993	25	200	55	25.52929	90.51295	10	52.81705	135.81527	12	16	48.80625	40.73913	0.70500	1.53703	0.84537	2.31869	2.08682	0.11750	2.48515	1.73960	0.11750	4.92134	0.23500	0.70500	1041.47000	1600
0.23600	8.09572	713.97032	25	200	55	25.74703	91.28491	10	52.95949	136.18154	12	16	48.92400	40.87336	0.70800	1.52403	0.83822	2.31869	2.08682	0.11800	2.47078	1.72954	0.11800	4.90747	0.23600	0.70800	1041.47000	1600
0.23700	8.06564	715.72814	25	200	55	25.96568	92.06015	10	53.10253	136.54936	12	16	49.04225	41.00817	0.71100	1.51120	0.83116	2.31869	2.08682	0.11850	2.45659	1.71961	0.11850	4.89378	0.23700	0.71100	1041.47000	1600
0.23800	8.03599	717.49340	25	200	55	26.18526	92.83867	10	53.24618	136.91875	12	16	49.16100	41.14354	0.71400	1.49853	0.82419	2.31869	2.08682	0.11900	2.44258	1.70981	0.11900	4.88027	0.23800	0.71400	1041.47000	1600
0.23900	8.00676	719.26609	25	200	55	26.40577	93.62046	10	53.39043	137.28969	12	16	49.28025	41.27949	0.71700	1.48601	0.81731	2.31869	2.08682	0.11950	2.42874	1.70012	0.11950	4.86693	0.23900	0.71700	1041.47000	1600
0.24000	7.97794	721.04621	25	200	55	26.62720	94.40553	10	53.53529	137.66218	12	16	49.40000	41.41600	0.72000	1.47366	0.81051	2.31869	2.08682	0.12000	2.41508	1.69056	0.12000	4.85377	0.24000	0.72000	1041.47000	1600
0.24100	7.94953	722.83377	25	200	55	26.84956	95.19389	10	53.68076	138.03624	12	16	49.52025	41.55309	0.72300	1.46145	0.80380	2.31869	2.08682	0.12050	2.40159	1.68111	0.12050	4.84078	0.24100	0.72300	1041.47000	1600
0.24200	7.92152	724.62877	25	200	55	27.07284	95.98552	10	53.82683	138.41185	12	16	49.64100	41.69074	0.72600	1.44940	0.79717	2.31869	2.08682	0.12100	2.38826	1.67178	0.12100	4.82795	0.24200	0.72600	1041.47000	1600
0.24300	7.89391	726.43120	25	200	55	27.29704	96.78042	10	53.97350	138.78901	12	16	49.76225	41.82897	0.72900	1.43749	0.79062	2.31869	2.08682	0.12150	2.37510	1.66257	0.12150	4.81529	0.24300	0.72900	1041.47000	1600
0.24400	7.86668	728.24106	25	200	55	27.52217	97.57861	10	54.12079	139.16773	12	16	49.88400	41.96776	0.73200	1.42574	0.78415	2.31869	2.08682	0.12200	2.36210	1.65347	0.12200	4.80279	0.24400	0.73200	1041.47000	1600
0.24500	7.83984	730.05836	25	200	55	27.74823	98.38007	10	54.26867	139.54801	12	16	50.00625	42.10713	0.73500	1.41412	0.77777	2.31869	2.08682	0.12250	2.34926	1.64448	0.12250	4.79045	0.24500	0.73500	1041.47000	1600
0.24600	7.81337	731.88309	25	200	55	27.97520	99.18481	10	54.41716	139.92985	12	16	50.12900	42.24706	0.73800	1.40265	0.77146	2.31869	2.08682	0.12300	2.33657	1.63560	0.12300	4.77826	0.24600	0.73800	1041.47000	1600
0.24700	7.78727	733.71525	25	200	55	28.20311	99.99283	10	54.56626	140.31324	12	16	50.25225	42.38757	0.74100	1.39131	0.76522	2.31869	2.08682	0.12350	2.32404	1.62683	0.12350	4.76623	0.24700	0.74100	1041.47000	1600
0.24800	7.76153	735.55485	25	200	55	28.43193	100.80413	10	54.71596	140.69819	12	16	50.37600	42.52864	0.74400	1.38012	0.75906	2.31869	2.08682	0.12400	2.31166	1.61816	0.12400	4.75435	0.24800	0.74400	1041.47000	1600
0.24900	7.73615	737.40189	25	200	55	28.66169	101.61871	10	54.86627	141.08469	12	16	50.50025	42.67029	0.74700	1.36905	0.75298	2.31869	2.08682	0.12450	2.29943	1.60960	0.12450	4.74262	0.24900	0.74700	1041.47000	1600
0.25000	7.71113	739.25636	25	200	55	28.89236	102.43656	10	55.01718	141.47275	12	16	50.62500	42.81250	0.75000	1.35812	0.74697	2.31869	2.08682	0.12500	2.28735	1.60114	0.12500	4.73104	0.25000	0.75000	1041.47000	1600
0.25100	7.68645	741.11826	25	200	55	29.12396	103.25769	10	55.16870	141.86237	12	16	50.75025	42.95529	0.75300	1.34732	0.74103	2.31869	2.08682	0.12550	2.27541	1.59279	0.12550	4.71960	0.25100	0.75300	1041.47000	1600
0.25200	7.66211	742.98760	25	200	55	29.35649	104.08210	10	55.32082	142.25354	12	16	50.87600	43.09864	0.75600	1.33665	0.73516	2.31869	2.08682	0.12600	2.26361	1.58453	0.12600	4.70830	0.25200	0.75600	1041.47000	1600
0.25300	7.63810	744.86437	25	200	55	29.58994	104.90979	10	55.47355	142.64627	12	16	51.00225	43.24257	0.75900	1.32610	0.72936	2.31869	2.08682	0.12650	2.25195	1.57637	0.12650	4.69714	0.25300	0.75900	1041.47000	1600
0.25400	7.61443	746.74857	25	200	55	29.82432	105.74075	10	55.62688	143.04056	12	16	51.12900	43.38706	0.76200	1.31568	0.72363	2.31869	2.08682	0.12700	2.24043	1.56830	0.12700	4.68612	0.25400	0.76200	1041.47000	1600
0.25500	7.59108	748.64021	25	200	55	30.05961	106.57500	10	55.78082	143.43640	12	16	51.25625	43.53213	0.76500	1.30538	0.71796	2.31869	2.08682	0.12750	2.22904	1.56033	0.12750	4.67523	0.25500	0.76500	1041.47000	1600
0.25600	7.56805	750.53929	25	200	55	30.29584	107.41252	10	55.93537	143.83380	12	16	51.38400	43.67776	0.76800	1.29521	0.71236	2.31869	2.08682	0.12800	2.21779	1.55245	0.12800	4.66448	0.25600	0.76800	1041.47000	1600
0.25700	7.54534	752.44579	25	200	55	30.53299	108.25332	10	56.09052	144.23276	12	16	51.51225	43.82397	0.77100	1.28515	0.70683	2.31869	2.08682	0.12850	2.20667	1.54467	0.12850	4.65386	0.25700	0.77100	1041.47000	1600
0.25800	7.52293	754.35974	25	200	55	30.77106	109.09740	10	56.24627	144.63327	12	16	51.64100	43.97074	0.77400	1.27520	0.70136	2.31869	2.08682	0.12900	2.19568	1.53697	0.12900	4.64337	0.25800	0.77400	1041.47000	1600
0.25900	7.50083	756.28111	25	200	55	31.01006	109.94475	10	56.40263	145.03534	12	16	51.77025	44.11809	0.77700	1.26538	0.69596	2.31869	2.08682	0.12950	2.18481	1.52937	0.12950	4.63300	0.25900	0.77700	1041.47000	1600
0.26000	7.47903	758.20993	25	200	55	31.24998	110.79538	10	56.55960	145.43896	12	16	51.90000	44.26600	0.78000	1.25566	0.69061	2.31869	2.08682	0.13000	2.17407	1.52185	0.13000	4.62276	0.26000	0.78000	1041.47000	1600
0.26100	7.45753	760.14617	25	200	55	31.49083	111.64930	10	56.71717	145.84415	12	16	52.03025	44.41449	0.78300	1.24606	0.68533	2.31869	2.08682	0.13050	2.16345	1.51442	0.13050	4.61264	0.26100	0.78300	1041.47000	1600
0.26200	7.43632	762.08985	25	200	55	31.73260	112.50648	10	56.87534	146.25088	12	16	52.16100	44.56354	0.78600	1.23656	0.68011	2.31869	2.08682	0.13100	2.15296	1.50707	0.13100	4.60265	0.26200	0.78600	1041.47000	1600
0.26300	7.41540	764.04097	25	200	55	31.97529	113.36695	10	57.03413	146.65918	12	16	52.29225	44.71317	0.78900	1.22718	0.67495	2.31869	2.08682	0.13150	2.14258	1.49981	0.13150	4.59277	0.26300	0.78900	1041.47000	1600
0.26400	7.39475	765.99951	25	200	55	32.21891	114.23070	10	57.19351	147.06903	12	16	52.42400	44.86336	0.79200	1.21790	0.66984	2.31869	2.08682	0.13200	2.13232	1.49263	0.13200	4.58301	0.26400	0.79200	1041.47000	1600
0.26500	7.37439	767.96550	25	200	55	32.46346	115.09772	10	57.35350	147.48044	12	16	52.55625	45.01413	0.79500	1.20872	0.66480	2.31869	2.08682	0.13250	2.12218	1.48553	0.13250	4.57337	0.26500	0.79500	1041.47000	1600
0.26600	7.35430	769.93891	25	200	55	32.70893	115.96802	10	57.51410	147.89340	12	16	52.68900	45.16546	0.79800	1.19965	0.65981	2.31869	2.08682	0.13300	2.11215	1.47851	0.13300	4.56384	0.26600	0.79800	1041.47000	1600
0.26700	7.33448	771.91977	25	200	55	32.95532	116.84160	10	57.67530	148.30792	12	16	52.82225	45.31737	0.80100	1.19068	0.65488	2.31869	2.08682	0.13350	2.10224	1.47156	0.13350	4.55443	0.26700	0.80100	1041.47000	1600
0.26800	7.31493	773.90805	25	200	55	33.20264	117.71846	10	57.83711	148.72400	12	16	52.95600	45.46984	0.80400	1.18181	0.65000	2.31869	2.08682	0.13400	2.09243	1.46470	0.13400	4.54512	0.26800	0.80400	1041.47000	1600
0.26900	7.29564	775.90377	25	200	55	33.45088	118.59859	10	57.99953	149.14164	12	16	53.09025	45.62289	0.80700	1.17304	0.64517	2.31869	2.08682	0.13450	2.08273	1.45791	0.13450	4.53592	0.26900	0.80700	1041.47000	1600
0.27000	7.27661	777.90693	25	200	55	33.70005	119.48200	10	58.16254	149.56083	12	16	53.22500	45.77650	0.81000	1.16437	0.64040	2.31869	2.08682	0.13500	2.07315	1.45120	0.13500	4.52684	0.27000	0.81000	1041.47000	1600
0.27100	7.25783	779.91752	25	200	55	33.95014	120.36870	10	58.32617	149.98157	12	16	53.36025	45.93069	0.81300	1.15579	0.63569	2.31869	2.08682	0.13550	2.06366	1.44456	0.13550	4.51785	0.27100	0.81300	1041.47000	1600
0.27200	7.23931	781.93554	25	200	55	34.20116	121.25866	10	58.49040	150.40388	12	16	53.49600	46.08544	0.81600	1.14731	0.63102	2.31869	2.08682	0.13600	2.05429	1.43800	0.13600	4.50897	0.27200	0.81600	1041.47000	1600
0.27300	7.22103	783.96100	25	200	55	34.45310	122.15191	10	58.65523	150.82774	12	16	53.63225	46.24077	0.81900	1.13892	0.62641	2.31869	2.08682	0.13650	2.04501	1.43151	0.13650	4.50020	0.27300	0.81900	1041.47000	1600
0.27400	7.20299	785.99389	25	200	55	34.70597	123.04844	10	58.82067	151.25315	12	16	53.76900	46.39666	0.82200	1.13062	0.62184	2.31869	2.08682	0.13700	2.03584	1.42509	0.13700	4.49153	0.27400	0.82200	1041.47000	1600
0.27500	7.18520	788.03422	25	200	55	34.95976	123.94824	10	58.98672	151.68013	12	16	53.90625	46.55313	0.82500	1.12242	0.61733	2.31869	2.08682	0.13750	2.02676	1.41873	0.13750	4.48295	0.27500	0.82500	1041.47000	1600
0.27600	7.16764	790.08198	25	200	55	35.21447	124.85132	10	59.15337	152.10866	12	16	54.04400	46.71016	0.82800	1.11430	0.61286	2.31869	2.08682	0.13800	2.01779	1.41245	0.13800	4.47448	0.27600	0.82800	1041.47000	1600
0.27700	7.15031	792.13717	25	200	55	35.47011	125.75768	10	59.32062	152.53874	12	16	54.18225	46.86777	0.83100	1.10627	0.60845	2.31869	2.08682	0.13850	2.00891	1.40624	0.13850	4.46610	0.27700	0.83100	1041.47000	1600
0.27800	7.13321	794.19980	25	200	55	35.72668	126.66731	10	59.48848	152.97039	12	16	54.32100	47.02594	0.83400	1.09832	0.60408	2.31869	2.08682	0.13900	2.00013	1.40009	0.13900	4.45782	0.27800	0.83400	1041.47000	1600
0.27900	7.11634	796.26987	25	200	55	35.98417	127.58023	10	59.65695	153.40359	12	16	54.46025	47.18469	0.83700	1.09046	0.59975	2.31869	2.08682	0.13950	1.99144	1.39401	0.13950	4.44963	0.27900	0.83700	1041.47000	1600
0.28000	7.09970	798.34737	25	200	55	36.24258	128.49642	10	59.82602	153.83834	12	16	54.60000	47.34400	0.84000	1.08269	0.59548	2.31869	2.08682	0.14000	1.98284	1.38799	0.14000	4.44153	0.28000	0.84000	1041.47000	1600
0.28100	7.08327	800.43230	25	200	55	36.50192	129.41589	10	59.99570	154.27466	12	16	54.74025	47.50389	0.84300	1.07499	0.59125	2.31869	2.08682	0.14050	1.97434	1.38204	0.14050	4.43353	0.28100	0.84300	1041.47000	1600
0.28200	7.06706	802.52467	25	200	55	36.76218	130.33864	10	60.16598	154.71252	12	16	54.88100	47.66434	0.84600	1.06738	0.58706	2.31869	2.08682	0.14100	1.96592	1.37615	0.14100	4.42561	0.28200	0.84600	1041.47000	1600
0.28300	7.05106	804.62447	25	200	55	37.02337	131.26467	10	60.33687	155.15195	12	16	55.02225	47.82537	0.84900	1.05985	0.58292	2.31869	2.08682	0.14150	1.95760	1.37032	0.14150	4.41779	0.28300	0.84900	1041.47000	1600
0.28400	7.03528	806.73171	25	200	55	37.28548	132.19397	10	60.50836	155.59293	12	16	55.16400	47.98696	0.85200	1.05240	0.57882	2.31869	2.08682	0.14200	1.94936	1.36455	0.14200	4.41005	0.28400	0.85200	1041.47000	1600
0.28500	7.01970	808.84638	25	200	55	37.54852	133.12655	10	60.68046	156.03547	12	16	55.30625	48.14913	0.85500	1.04503	0.57477	2.31869	2.08682	0.14250	1.94121	1.35885	0.14250	4.40240	0.28500	0.85500	1041.47000	1600
0.28600	7.00433	810.96848	25	200	55	37.81248	134.06242	10	60.85316	156.47957	12	16	55.44900	48.31186	0.85800	1.03774	0.57075	2.31869	2.08682	0.14300	1.93315	1.35320	0.14300	4.39484	0.28600	0.85800	1041.47000	1600
0.28700	6.98916	813.09802	25	200	55	38.07736	135.00155	10	61.02647	156.92522	12	16	55.59225	48.47517	0.86100	1.03052	0.56678	2.31869	2.08682	0.14350	1.92517	1.34762	0.14350	4.38736	0.28700	0.86100	1041.47000	1600
0.28800	6.97419	815.23500	25	200	55	38.34317	135.94397	10	61.20039	157.37243	12	16	55.73600	48.63904	0.86400	1.02337	0.56286	2.31869	2.08682	0.14400	1.91727	1.34209	0.14400	4.37996	0.28800	0.86400	1041.47000	1600
0.28900	6.95941	817.37941	25	200	55	38.60991	136.88966	10	61.37491	157.82119	12	16	55.88025	48.80349	0.86700	1.01630	0.55897	2.31869	2.08682	0.14450	1.90945	1.33662	0.14450	4.37264	0.28900	0.86700	1041.47000	1600
0.29000	6.94483	819.53125	25	200	55	38.87756	137.83864	10	61.55003	158.27152	12	16	56.02500	48.96850	0.87000	1.00931	0.55512	2.31869	2.08682	0.14500	1.90172	1.33120	0.14500	4.36541	0.29000	0.87000	1041.47000	1600
0.29100	6.93044	821.69053	25	200	55	39.14615	138.79089	10	61.72576	158.72339	12	16	56.17025	49.13409	0.87300	1.00238	0.55131	2.31869	2.08682	0.14550	1.89406	1.32584	0.14550	4.35825	0.29100	0.87300	1041.47000	1600
0.29200	6.91624	823.85724	25	200	55	39.41566	139.74642	10	61.90210	159.17683	12	16	56.31600	49.30024	0.87600	0.99553	0.54754	2.31869	2.08682	0.14600	1.88649	1.32054	0.14600	4.35118	0.29200	0.87600	1041.47000	1600
0.29300	6.90223	826.03139	25	200	55	39.68609	140.70522	10	62.07904	159.63182	12	16	56.46225	49.46697	0.87900	0.98874	0.54381	2.31869	2.08682	0.14650	1.87899	1.31529	0.14650	4.34418	0.29300	0.87900	1041.47000	1600
0.29400	6.88840	828.21297	25	200	55	39.95745	141.66731	10	62.25659	160.08837	12	16	56.60900	49.63426	0.88200	0.98203	0.54012	2.31869	2.08682	0.14700	1.87156	1.31009	0.14700	4.33725	0.29400	0.88200	1041.47000	1600
0.29500	6.87475	830.40198	25	200	55	40.22973	142.63267	10	62.43474	160.54647	12	16	56.75625	49.80213	0.88500	0.97538	0.53646	2.31869	2.08682	0.14750	1.86422	1.30495	0.14750	4.33041	0.29500	0.88500	1041.47000	1600
0.29600	6.86128	832.59843	25	200	55	40.50293	143.60131	10	62.61350	161.00613	12	16	56.90400	49.97056	0.88800	0.96880	0.53284	2.31869	2.08682	0.14800	1.85694	1.29986	0.14800	4.32363	0.29600	0.88800	1041.47000	1600
0.29700	6.84798	834.80232	25	200	55	40.77706	144.57323	10	62.79286	161.46735	12	16	57.05225	50.13957	0.89100	0.96229	0.52926	2.31869	2.08682	0.14850	1.84974	1.29482	0.14850	4.31693	0.29700	0.89100	1041.47000	1600
0.29800	6.83486	837.01364	25	200	55	41.05212	145.54842	10	62.97283	161.93013	12	16	57.20100	50.30914	0.89400	0.95584	0.52571	2.31869	2.08682	0.14900	1.84262	1.28983	0.14900	4.31030	0.29800	0.89400	1041.47000	1600
0.29900	6.82191	839.23239	25	200	55	41.32810	146.52690	10	63.15340	162.39446	12	16	57.35025	50.47929	0.89700	0.94946	0.52220	2.31869	2.08682	0.14950	1.83556	1.28489	0.14950	4.30375	0.29900	0.89700	1041.47000	1600
0.30000	6.80913	841.45858	25	200	55	41.60500	147.50865	10	63.33458	162.86035	12	16	57.50000	50.65000	0.90000	0.94314	0.51873	2.31869	2.08682	0.15000	1.82857	1.28000	0.15000	4.29726	0.30000	0.90000	1041.47000	1600
0.30100	6.79652	843.69220	25	200	55	41.88283	148.49368	10	63.51636	163.32779	12	16	57.65025	50.82129	0.90300	0.93688	0.51529	2.31869	2.08682	0.15050	1.82166	1.27516	0.15050	4.29085	0.30100	0.90300	1041.47000	1600
0.30200	6.78407	845.93326	25	200	55	42.16159	149.48199	10	63.69875	163.79679	12	16	57.80100	50.99314	0.90600	0.93069	0.51188	2.31869	2.08682	0.15100	1.81481	1.27037	0.15100	4.28450	0.30200	0.90600	1041.47000	1600
0.30300	6.77178	848.18175	25	200	55	42.44126	150.47357	10	63.88175	164.26735	12	16	57.95225	51.16557	0.90900	0.92456	0.50851	2.31869	2.08682	0.15150	1.80803	1.26562	0.15150	4.27822	0.30300	0.90900	1041.47000	1600
0.30400	6.75966	850.43767	25	200	55	42.72187	151.46844	10	64.06535	164.73946	12	16	58.10400	51.33856	0.91200	0.91848	0.50517	2.31869	2.08682	0.15200	1.80132	1.26092	0.15200	4.27201	0.30400	0.91200	1041.47000	1600
0.30500	6.74769	852.70103	25	200	55	43.00339	152.46658	10	64.24955	165.21313	12	16	58.25625	51.51213	0.91500	0.91247	0.50186	2.31869	2.08682	0.15250	1.79467	1.25627	0.15250	4.26586	0.30500	0.91500	1041.47000	1600
0.30600	6.73588	854.97183	25	200	55	43.28585	153.46800	10	64.43436	165.68836	12	16	58.40900	51.68626	0.91800	0.90652	0.49858	2.31869	2.08682	0.15300	1.78809	1.25166	0.15300	4.25978	0.30600	0.91800	1041.47000	1600
0.30700	6.72422	857.25006	25	200	55	43.56922	154.47270	10	64.61978	166.16515	12	16	58.56225	51.86097	0.92100	0.90062	0.49534	2.31869	2.08682	0.15350	1.78157	1.24710	0.15350	4.25376	0.30700	0.92100	1041.47000	1600
0.30800	6.71272	859.53572	25	200	55	43.85352	155.48067	10	64.80580	166.64349	12	16	58.71600	52.03624	0.92400	0.89478	0.49213	2.31869	2.08682	0.15400	1.77511	1.24258	0.15400	4.24780	0.30800	0.92400	1041.47000	1600
0.30900	6.70136	861.82882	25	200	55	44.13875	156.49192	10	64.99243	167.12338	12	16	58.87025	52.21209	0.92700	0.88900	0.48895	2.31869	2.08682	0.15450	1.76872	1.23811	0.15450	4.24191	0.30900	0.92700	1041.47000	1600
0.31000	6.69016	864.12935	25	200	55	44.42490	157.50646	10	65.17966	167.60484	12	16	59.02500	52.38850	0.93000	0.88327	0.48580	2.31869	2.08682	0.15500	1.76239	1.23368	0.15500	4.23608	0.31000	0.93000	1041.47000	1600
0.31100	6.67910	866.43732	25	200	55	44.71197	158.52427	10	65.36750	168.08785	12	16	59.18025	52.56549	0.93300	0.87760	0.48268	2.31869	2.08682	0.15550	1.75612	1.22929	0.15550	4.23031	0.31100	0.93300	1041.47000	1600
0.31200	6.66818	868.75272	25	200	55	44.99997	159.54535	10	65.55594	168.57242	12	16	59.33600	52.74304	0.93600	0.87199	0.47959	2.31869	2.08682	0.15600	1.74991	1.22494	0.15600	4.22460	0.31200	0.93600	1041.47000	1600
0.31300	6.65741	871.07556	25	200	55	45.28890	160.56972	10	65.74499	169.05854	12	16	59.49225	52.92117	0.93900	0.86642	0.47653	2.31869	2.08682	0.15650	1.74377	1.22064	0.15650	4.21895	0.31300	0.93900	1041.47000	1600
0.31400	6.64678	873.40583	25	200	55	45.57874	161.59736	10	65.93464	169.54622	12	16	59.64900	53.09986	0.94200	0.86091	0.47350	2.31869	2.08682	0.15700	1.73767	1.21637	0.15700	4.21336	0.31400	0.94200	1041.47000	1600
0.31500	6.63629	875.74353	25	200	55	45.86952	162.62828	10	66.12490	170.03546	12	16	59.80625	53.27913	0.94500	0.85546	0.47050	2.31869	2.08682	0.15750	1.73164	1.21215	0.15750	4.20783	0.31500	0.94500	1041.47000	1600
0.31600	6.62593	878.08867	25	200	55	46.16121	163.66248	10	66.31576	170.52625	12	16	59.96400	53.45896	0.94800	0.85005	0.46753	2.31869	2.08682	0.15800	1.72567	1.20797	0.15800	4.20236	0.31600	0.94800	1041.47000	1600
0.31700	6.61571	880.44125	25	200	55	46.45384	164.69996	10	66.50723	171.01860	12	16	60.12225	53.63937	0.95100	0.84470	0.46458	2.31869	2.08682	0.15850	1.71975	1.20382	0.15850	4.19694	0.31700	0.95100	1041.47000	1600
0.31800	6.60563	882.80126	25	200	55	46.74738	165.74072	10	66.69931	171.51251	12	16	60.28100	53.82034	0.95400	0.83939	0.46167	2.31869	2.08682	0.15900	1.71388	1.19972	0.15900	4.19157	0.31800	0.95400	1041.47000	1600
0.31900	6.59568	885.16870	25	200	55	47.04185	166.78475	10	66.89199	172.00797	12	16	60.44025	54.00189	0.95700	0.83414	0.45878	2.31869	2.08682	0.15950	1.70807	1.19565	0.15950	4.18626	0.31900	0.95700	1041.47000	1600
0.32000	6.58585	887.54358	25	200	55	47.33725	167.83206	10	67.08528	172.50499	12	16	60.60000	54.18400	0.96000	0.82893	0.45591	2.31869	2.08682	0.16000	1.70232	1.19162	0.16000	4.18101	0.32000	0.96000	1041.47000	1600
0.32100	6.57616	889.92589	25	200	55	47.63357	168.88265	10	67.27917	173.00357	12	16	60.76025	54.36669	0.96300	0.82378	0.45308	2.31869	2.08682	0.16050	1.69662	1.18763	0.16050	4.17581	0.32100	0.96300	1041.47000	1600
0.32200	6.56660	892.31564	25	200	55	47.93081	169.93652	10	67.47366	173.50370	12	16	60.92100	54.54994	0.96600	0.81867	0.45027	2.31869	2.08682	0.16100	1.69097	1.18368	0.16100	4.17066	0.32200	0.96600	1041.47000	1600
0.32300	6.55716	894.71282	25	200	55	48.22898	170.99366	10	67.66876	174.00539	12	16	61.08225	54.73377	0.96900	0.81361	0.44748	2.31869	2.08682	0.16150	1.68538	1.17976	0.16150	4.16557	0.32300	0.96900	1041.47000	1600
0.32400	6.54784	897.11743	25	200	55	48.52808	172.05409	10	67.86447	174.50864	12	16	61.24400	54.91816	0.97200	0.80859	0.44472	2.31869	2.08682	0.16200	1.67983	1.17588	0.16200	4.16052	0.32400	0.97200	1041.47000	1600
0.32500	6.53865	899.52948	25	200	55	48.82809	173.11779	10	68.06078	175.01344	12	16	61.40625	55.10313	0.97500	0.80362	0.44199	2.31869	2.08682	0.16250	1.67434	1.17204	0.16250	4.15553	0.32500	0.97500	1041.47000	1600
0.32600	6.52958	901.94897	25	200	55	49.12904	174.18477	10	68.25770	175.51980	12	16	61.56900	55.28866	0.97800	0.79870	0.43928	2.31869	2.08682	0.16300	1.66890	1.16823	0.16300	4.15059	0.32600	0.97800	1041.47000	1600
0.32700	6.52062	904.37589	25	200	55	49.43090	175.25502	10	68.45522	176.02772	12	16	61.73225	55.47477	0.98100	0.79382	0.43660	2.31869	2.08682	0.16350	1.66351	1.16446	0.16350	4.14570	0.32700	0.98100	1041.47000	1600
0.32800	6.51179	906.81024	25	200	55	49.73370	176.32856	10	68.65335	176.53719	12	16	61.89600	55.66144	0.98400	0.78899	0.43394	2.31869	2.08682	0.16400	1.65817	1.16072	0.16400	4.14086	0.32800	0.98400	1041.47000	1600
0.32900	6.50307	909.25203	25	200	55	50.03741	177.40537	10	68.85209	177.04822	12	16	62.06025	55.84869	0.98700	0.78420	0.43131	2.31869	2.08682	0.16450	1.65287	1.15701	0.16450	4.13606	0.32900	0.98700	1041.47000	1600
0.33000	6.49447	911.70126	25	200	55	50.34205	178.48546	10	69.05143	177.56081	12	16	62.22500	56.03650	0.99000	0.77945	0.42870	2.31869	2.08682	0.16500	1.64763	1.15334	0.16500	4.13132	0.33000	0.99000	1041.47000	1600
0.33100	6.48598	914.15791	25	200	55	50.64762	179.56883	10	69.25137	178.07495	12	16	62.39025	56.22489	0.99300	0.77475	0.42611	2.31869	2.08682	0.16550	1.64243	1.14970	0.16550	4.12662	0.33100	0.99300	1041.47000	1600
0.33200	6.47761	916.62201	25	200	55	50.95411	180.65548	10	69.45192	178.59065	12	16	62.55600	56.41384	0.99600	0.77009	0.42355	2.31869	2.08682	0.16600	1.63728	1.14609	0.16600	4.12197	0.33200	0.99600	1041.47000	1600
0.33300	6.46935	919.09353	25	200	55	51.26152	181.74541	10	69.65308	179.10791	12	16	62.72225	56.60337	0.99900	0.76547	0.42101	2.31869	2.08682	0.16650	1.63217	1.14252	0.16650	4.11736	0.33300	0.99900	1041.47000	1600
0.33400	6.46119	921.57249	25	200	55	51.56986	182.83861	10	69.85484	179.62672	12	16	62.88900	56.79346	1.00200	0.76090	0.41849	2.31869	2.08682	0.16700	1.62711	1.13898	0.16700	4.11280	0.33400	1.00200	1041.47000	1600
0.33500	6.45315	924.05889	25	200	55	51.87913	183.93509	10	70.05720	180.14709	12	16	63.05625	56.98413	1.00500	0.75636	0.41600	2.31869	2.08682	0.16750	1.62210	1.13547	0.16750	4.10829	0.33500	1.00500	1041.47000	1600
0.33600	6.44521	926.55272	25	200	55	52.18932	185.03485	10	70.26017	180.66902	12	16	63.22400	57.17536	1.00800	0.75187	0.41353	2.31869	2.08682	0.16800	1.61713	1.13199	0.16800	4.10382	0.33600	1.00800	1041.47000	1600
0.33700	6.43738	929.05398	25	200	55	52.50043	186.13788	10	70.46375	181.19250	12	16	63.39225	57.36717	1.01100	0.74741	0.41108	2.31869	2.08682	0.16850	1.61220	1.12854	0.16850	4.09939	0.33700	1.01100	1041.47000	1600
0.33800	6.42965	931.56268	25	200	55	52.81247	187.24420	10	70.66793	181.71754	12	16	63.56100	57.55954	1.01400	0.74299	0.40865	2.31869	2.08682	0.16900	1.60732	1.12513	0.16900	4.09501	0.33800	1.01400	1041.47000	1600
0.33900	6.42203	934.07882	25	200	55	53.12543	188.35379	10	70.87272	182.24414	12	16	63.73025	57.75249	1.01700	0.73862	0.40624	2.31869	2.08682	0.16950	1.60248	1.12174	0.16950	4.09067	0.33900	1.01700	1041.47000	1600
0.34000	6.41451	936.60239	25	200	55	53.43932	189.46666	10	71.07811	182.77229	12	16	63.90000	57.94600	1.02000	0.73428	0.40385	2.31869	2.08682	0.17000	1.59769	1.11838	0.17000	4.08638	0.34000	1.02000	1041.47000	1600
0.34100	6.40709	939.13339	25	200	55	53.75413	190.58281	10	71.28411	183.30200	12	16	64.07025	58.14009	1.02300	0.72998	0.40149	2.31869	2.08682	0.17050	1.59293	1.11505	0.17050	4.08212	0.34100	1.02300	1041.47000	1600
0.34200	6.39977	941.67183	25	200	55	54.06986	191.70224	10	71.49072	183.83327	12	16	64.24100	58.33474	1.02600	0.72572	0.39914	2.31869	2.08682	0.17100	1.58822	1.11176	0.17100	4.07791	0.34200	1.02600	1041.47000	1600
0.34300	6.39255	944.21770	25	200	55	54.38652	192.82494	10	71.69792	184.36609	12	16	64.41225	58.52997	1.02900	0.72149	0.39682	2.31869	2.08682	0.17150	1.58355	1.10849	0.17150	4.07374	0.34300	1.02900	1041.47000	1600
0.34400	6.38543	946.77100	25	200	55	54.70411	193.95093	10	71.90574	184.90047	12	16	64.58400	58.72576	1.03200	0.71730	0.39452	2.31869	2.08682	0.17200	1.57892	1.10525	0.17200	4.06961	0.34400	1.03200	1041.47000	1600
0.34500	6.37840	949.33175	25	200	55	55.02262	195.08019	10	72.11416	185.43641	12	16	64.75625	58.92213	1.03500	0.71315	0.39223	2.31869	2.08682	0.17250	1.57433	1.10203	0.17250	4.06552	0.34500	1.03500	1041.47000	1600
0.34600	6.37147	951.89992	25	200	55	55.34205	196.21273	10	72.32318	185.97390	12	16	64.92900	59.11906	1.03800	0.70903	0.38997	2.31869	2.08682	0.17300	1.56978	1.09885	0.17300	4.06147	0.34600	1.03800	1041.47000	1600
0.34700	6.36464	954.47553	25	200	55	55.66241	197.34854	10	72.53281	186.51295	12	16	65.10225	59.31657	1.04100	0.70495	0.38772	2.31869	2.08682	0.17350	1.56527	1.09569	0.17350	4.05746	0.34700	1.04100	1041.47000	1600
0.34800	6.35789	957.05858	25	200	55	55.98369	198.48764	10	72.74305	187.05356	12	16	65.27600	59.51464	1.04400	0.70091	0.38550	2.31869	2.08682	0.17400	1.56080	1.09256	0.17400	4.05349	0.34800	1.04400	1041.47000	1600
0.34900	6.35124	959.64906	25	200	55	56.30590	199.63001	10	72.95389	187.59572	12	16	65.45025	59.71329	1.04700	0.69690	0.38329	2.31869	2.08682	0.17450	1.55637	1.08946	0.17450	4.04956	0.34900	1.04700	1041.47000	1600
0.35000	6.34468	962.24697	25	200	55	56.62903	200.77566	10	73.16534	188.13944	12	16	65.62500	59.91250	1.05000	0.69292	0.38111	2.31869	2.08682	0.17500	1.55197	1.08638	0.17500	4.04566	0.35000	1.05000	1041.47000	1600
0.35100	6.33822	964.85232	25	200	55	56.95309	201.92459	10	73.37739	188.68472	12	16	65.80025	60.11229	1.05300	0.68898	0.37894	2.31869	2.08682	0.17550	1.54761	1.08333	0.17550	4.04180	0.35100	1.05300	1041.47000	1600
0.35200	6.33184	967.46510	25	200	55	57.27807	203.07679	10	73.59005	189.23155	12	16	65.97600	60.31264	1.05600	0.68507	0.37679	2.31869	2.08682	0.17600	1.54329	1.08030	0.17600	4.03798	0.35200	1.05600	1041.47000	1600
0.35300	6.32554	970.08532	25	200	55	57.60398	204.23228	10	73.80331	189.77994	12	16	66.15225	60.51357	1.05900	0.68119	0.37466	2.31869	2.08682	0.17650	1.53901	1.07730	0.17650	4.03420	0.35300	1.05900	1041.47000	1600
0.35400	6.31934	972.71297	25	200	55	57.93081	205.39104	10	74.01718	190.32989	12	16	66.32900	60.71506	1.06200	0.67735	0.37254	2.31869	2.08682	0.17700	1.53476	1.07433	0.17700	4.03045	0.35400	1.06200	1041.47000	1600
0.35500	6.31322	975.34806	25	200	55	58.25856	206.55308	10	74.23165	190.88139	12	16	66.50625	60.91713	1.06500	0.67354	0.37045	2.31869	2.08682	0.17750	1.53055	1.07138	0.17750	4.02674	0.35500	1.06500	1041.47000	1600
0.35600	6.30719	977.99058	25	200	55	58.58724	207.71840	10	74.44673	191.43445	12	16	66.68400	61.11976	1.06800	0.66976	0.36837	2.31869	2.08682	0.17800	1.52637	1.06846	0.17800	4.02306	0.35600	1.06800	1041.47000	1600
0.35700	6.30124	980.64053	25	200	55	58.91685	208.88700	10	74.66241	191.98906	12	16	66.86225	61.32297	1.07100	0.66601	0.36631	2.31869	2.08682	0.17850	1.52223	1.06556	0.17850	4.01942	0.35700	1.07100	1041.47000	1600
0.35800	6.29537	983.29792	25	200	55	59.24737	210.05887	10	74.87870	192.54524	12	16	67.04100	61.52674	1.07400	0.66230	0.36426	2.31869	2.08682	0.17900	1.51812	1.06268	0.17900	4.01581	0.35800	1.07400	1041.47000	1600
0.35900	6.28959	985.96275	25	200	55	59.57883	211.23402	10	75.09560	193.10297	12	16	67.22025	61.73109	1.07700	0.65861	0.36224	2.31869	2.08682	0.17950	1.51405	1.05983	0.17950	4.01224	0.35900	1.07700	1041.47000	1600
0.36000	6.28388	988.63501	25	200	55	59.91120	212.41245	10	75.31310	193.66225	12	16	67.40000	61.93600	1.08000	0.65496	0.36023	2.31869	2.08682	0.18000	1.51001	1.05701	0.18000	4.00870	0.36000	1.08000	1041.47000	1600
0.36100	6.27826	991.31470	25	200	55	60.24451	213.59416	10	75.53120	194.22309	12	16	67.58025	62.14149	1.08300	0.65134	0.35823	2.31869	2.08682	0.18050	1.50600	1.05420	0.18050	4.00519	0.36100	1.08300	1041.47000	1600
0.36200	6.27272	994.00183	25	200	55	60.57873	214.77915	10	75.74991	194.78549	12	16	67.76100	62.34754	1.08600	0.64774	0.35626	2.31869	2.08682	0.18100	1.50203	1.05142	0.18100	4.00172	0.36200	1.08600	1041.47000	1600
0.36300	6.26726	996.69639	25	200	55	60.91389	215.96741	10	75.96923	195.34945	12	16	67.94225	62.55417	1.08900	0.64418	0.35430	2.31869	2.08682	0.18150	1.49809	1.04866	0.18150	3.99828	0.36300	1.08900	1041.47000	1600
0.36400	6.26187	999.39839	25	200	55	61.24996	217.15895	10	76.18915	195.91496	12	16	68.12400	62.76136	1.09200	0.64064	0.35235	2.31869	2.08682	0.18200	1.49419	1.04593	0.18200	3.99487	0.36400	1.09200	1041.47000	1600
0.36500	6.25656	1002.10782	25	200	55	61.58696	218.35377	10	76.40968	196.48203	12	16	68.30625	62.96913	1.09500	0.63714	0.35043	2.31869	2.08682	0.18250	1.49031	1.04322	0.18250	3.99150	0.36500	1.09500	1041.47000	1600
0.36600	6.25133	1004.82469	25	200	55	61.92489	219.55187	10	76.63081	197.05066	12	16	68.48900	63.17746	1.09800	0.63366	0.34851	2.31869	2.08682	0.18300	1.48647	1.04053	0.18300	3.98816	0.36600	1.09800	1041.47000	1600
0.36700	6.24617	1007.54899	25	200	55	62.26374	220.75325	10	76.85255	197.62084	12	16	68.67225	63.38637	1.10100	0.63021	0.34662	2.31869	2.08682	0.18350	1.48266	1.03786	0.18350	3.98484	0.36700	1.10100	1041.47000	1600
0.36800	6.24109	1010.28073	25	200	55	62.60351	221.95790	10	77.07489	198.19258	12	16	68.85600	63.59584	1.10400	0.62679	0.34474	2.31869	2.08682	0.18400	1.47887	1.03521	0.18400	3.98156	0.36800	1.10400	1041.47000	1600
0.36900	6.23608	1013.01990	25	200	55	62.94421	223.16583	10	77.29784	198.76588	12	16	69.04025	63.80589	1.10700	0.62340	0.34287	2.31869	2.08682	0.18450	1.47512	1.03259	0.18450	3.97831	0.36900	1.10700	1041.47000	1600
0.37000	6.23115	1015.76650	25	200	55	63.28583	224.37704	10	77.52139	199.34073	12	16	69.22500	64.01650	1.11000	0.62003	0.34102	2.31869	2.08682	0.18500	1.47140	1.02998	0.18500	3.97509	0.37000	1.11000	1041.47000	1600
0.37100	6.22628	1018.52054	25	200	55	63.62838	225.59153	10	77.74555	199.91714	12	16	69.41025	64.22769	1.11300	0.61670	0.33918	2.31869	2.08682	0.18550	1.46772	1.02740	0.18550	3.97190	0.37100	1.11300	1041.47000	1600
0.37200	6.22149	1021.28201	25	200	55	63.97185	226.80930	10	77.97032	200.49510	12	16	69.59600	64.43944	1.11600	0.61338	0.33736	2.31869	2.08682	0.18600	1.46406	1.02484	0.18600	3.96874	0.37200	1.11600	1041.47000	1600
0.37300	6.21677	1024.05092	25	200	55	64.31625	228.03034	10	78.19569	201.07463	12	16	69.78225	64.65177	1.11900	0.61010	0.33556	2.31869	2.08682	0.18650	1.46042	1.02230	0.18650	3.96561	0.37300	1.11900	1041.47000	1600
0.37400	6.21212	1026.82726	25	200	55	64.66157	229.25466	10	78.42166	201.65571	12	16	69.96900	64.86466	1.12200	0.60684	0.33376	2.31869	2.08682	0.18700	1.45682	1.01978	0.18700	3.96251	0.37400	1.12200	1041.47000	1600
0.37500	6.20754	1029.61104	25	200	55	65.00782	230.48226	10	78.64824	202.23834	12	16	70.15625	65.07813	1.12500	0.60361	0.33199	2.31869	2.08682	0.18750	1.45325	1.01728	0.18750	3.95944	0.37500	1.12500	1041.47000	1600
0.37600	6.20302	1032.40225	25	200	55	65.35499	231.71314	10	78.87543	202.82253	12	16	70.34400	65.29216	1.12800	0.60040	0.33022	2.31869	2.08682	0.18800	1.44971	1.01479	0.18800	3.95640	0.37600	1.12800	1041.47000	1600
0.37700	6.19857	1035.20090	25	200	55	65.70308	232.94730	10	79.10322	203.40828	12	16	70.53225	65.50677	1.13100	0.59722	0.32847	2.31869	2.08682	0.18850	1.44619	1.01233	0.18850	3.95338	0.37700	1.13100	1041.47000	1600
0.37800	6.19420	1038.00698	25	200	55	66.05210	234.18473	10	79.33162	203.99559	12	16	70.72100	65.72194	1.13400	0.59407	0.32674	2.31869	2.08682	0.18900	1.44270	1.00989	0.18900	3.95039	0.37800	1.13400	1041.47000	1600
0.37900	6.18988	1040.82050	25	200	55	66.40205	235.42544	10	79.56062	204.58445	12	16	70.91025	65.93769	1.13700	0.59094	0.32501	2.31869	2.08682	0.18950	1.43924	1.00747	0.18950	3.94743	0.37900	1.13700	1041.47000	1600
0.38000	6.18563	1043.64145	25	200	55	66.75292	236.66943	10	79.79023	205.17487	12	16	71.10000	66.15400	1.14000	0.58783	0.32331	2.31869	2.08682	0.19000	1.43581	1.00507	0.19000	3.94450	0.38000	1.14000	1041.47000	1600
0.38100	6.18145	1046.46983	25	200	55	67.10471	237.91670	10	80.02044	205.76685	12	16	71.29025	66.37089	1.14300	0.58475	0.32161	2.31869	2.08682	0.19050	1.43240	1.00268	0.19050	3.94159	0.38100	1.14300	1041.47000	1600
0.38200	6.17733	1049.30565	25	200	55	67.45743	239.16724	10	80.25126	206.36038	12	16	71.48100	66.58834	1.14600	0.58169	0.31993	2.31869	2.08682	0.19100	1.42902	1.00032	0.19100	3.93871	0.38200	1.14600	1041.47000	1600
0.38300	6.17328	1052.14890	25	200	55	67.81107	240.42107	10	80.48268	206.95547	12	16	71.67225	66.80637	1.14900	0.57866	0.31826	2.31869	2.08682	0.19150	1.42567	0.99797	0.19150	3.93586	0.38300	1.14900	1041.47000	1600
0.38400	6.16929	1054.99959	25	200	55	68.16564	241.67817	10	80.71471	207.55211	12	16	71.86400	67.02496	1.15200	0.57565	0.31661	2.31869	2.08682	0.19200	1.42234	0.99564	0.19200	3.93303	0.38400	1.15200	1041.47000	1600
0.38500	6.16536	1057.85771	25	200	55	68.52113	242.93855	10	80.94735	208.15032	12	16	72.05625	67.24413	1.15500	0.57266	0.31496	2.31869	2.08682	0.19250	1.41904	0.99333	0.19250	3.93023	0.38500	1.15500	1041.47000	1600
0.38600	6.16149	1060.72327	25	200	55	68.87755	244.20221	10	81.18058	208.75007	12	16	72.24900	67.46386	1.15800	0.56970	0.31333	2.31869	2.08682	0.19300	1.41577	0.99104	0.19300	3.92746	0.38600	1.15800	1041.47000	1600
0.38700	6.15768	1063.59626	25	200	55	69.23489	245.46914	10	81.41443	209.35139	12	16	72.44225	67.68417	1.16100	0.56676	0.31172	2.31869	2.08682	0.19350	1.41252	0.98876	0.19350	3.92471	0.38700	1.16100	1041.47000	1600
0.38800	6.15393	1066.47669	25	200	55	69.59315	246.73935	10	81.64888	209.95426	12	16	72.63600	67.90504	1.16400	0.56384	0.31011	2.31869	2.08682	0.19400	1.40929	0.98650	0.19400	3.92198	0.38800	1.16400	1041.47000	1600
0.38900	6.15024	1069.36455	25	200	55	69.95234	248.01285	10	81.88394	210.55869	12	16	72.83025	68.12649	1.16700	0.56094	0.30852	2.31869	2.08682	0.19450	1.40609	0.98426	0.19450	3.91928	0.38900	1.16700	1041.47000	1600
0.39000	6.14662	1072.25984	25	200	55	70.31246	249.28961	10	82.11960	211.16468	12	16	73.02500	68.34850	1.17000	0.55807	0.30694	2.31869	2.08682	0.19500	1.40292	0.98204	0.19500	3.91661	0.39000	1.17000	1041.47000	1600
0.39100	6.14305	1075.16257	25	200	55	70.67349	250.56966	10	82.35586	211.77222	12	16	73.22025	68.57109	1.17300	0.55522	0.30537	2.31869	2.08682	0.19550	1.39976	0.97984	0.19550	3.91395	0.39100	1.17300	1041.47000	1600
0.39200	6.13953	1078.07274	25	200	55	71.03546	251.85299	10	82.59273	212.38132	12	16	73.41600	68.79424	1.17600	0.55239	0.30382	2.31869	2.08682	0.19600	1.39664	0.97765	0.19600	3.91133	0.39200	1.17600	1041.47000	1600
0.39300	6.13608	1080.99034	25	200	55	71.39835	253.13959	10	82.83021	212.99197	12	16	73.61225	69.01797	1.17900	0.54958	0.30227	2.31869	2.08682	0.19650	1.39353	0.97547	0.19650	3.90872	0.39300	1.17900	1041.47000	1600
0.39400	6.13268	1083.91537	25	200	55	71.76216	254.42947	10	83.06829	213.60419	12	16	73.80900	69.24226	1.18200	0.54680	0.30074	2.31869	2.08682	0.19700	1.39045	0.97332	0.19700	3.90614	0.39400	1.18200	1041.47000	1600
0.39500	6.12934	1086.84784	25	200	55	72.12690	255.72263	10	83.30698	214.21795	12	16	74.00625	69.46713	1.18500	0.54403	0.29922	2.31869	2.08682	0.19750	1.38740	0.97118	0.19750	3.90359	0.39500	1.18500	1041.47000	1600
0.39600	6.12605	1089.78774	25	200	55	72.49256	257.01907	10	83.54628	214.83328	12	16	74.20400	69.69256	1.18800	0.54129	0.29771	2.31869	2.08682	0.19800	1.38437	0.96906	0.19800	3.90105	0.39600	1.18800	1041.47000	1600
0.39700	6.12282	1092.73508	25	200	55	72.85914	258.31878	10	83.78617	215.45016	12	16	74.40225	69.91857	1.19100	0.53856	0.29621	2.31869	2.08682	0.19850	1.38136	0.96695	0.19850	3.89854	0.39700	1.19100	1041.47000	1600
0.39800	6.11964	1095.68985	25	200	55	73.22665	259.62178	10	84.02668	216.06860	12	16	74.60100	70.14514	1.19400	0.53586	0.29472	2.31869	2.08682	0.19900	1.37837	0.96486	0.19900	3.89606	0.39800	1.19400	1041.47000	1600
0.39900	6.11652	1098.65205	25	200	55	73.59509	260.92805	10	84.26779	216.68859	12	16	74.80025	70.37229	1.19700	0.53318	0.29325	2.31869	2.08682	0.19950	1.37540	0.96278	0.19950	3.89359	0.39900	1.19700	1041.47000	1600
0.40000	6.11345	1101.62169	25	200	55	73.96445	262.23760	10	84.50950	217.31015	12	16	75.00000	70.60000	1.20000	0.53052	0.29178	2.31869	2.08682	0.20000	1.37246	0.96072	0.20000	3.89115	0.40000	1.20000	1041.47000	1600
0.40100	6.11043	1104.59877	25	200	55	74.33473	263.55042	10	84.75182	217.93326	12	16	75.20025	70.82829	1.20300	0.52787	0.29033	2.31869	2.08682	0.20050	1.36954	0.95868	0.20050	3.88873	0.40100	1.20300	1041.47000	1600
0.40200	6.10747	1107.58328	25	200	55	74.70594	264.86653	10	84.99475	218.55792	12	16	75.40100	71.05714	1.20600	0.52525	0.28889	2.31869	2.08682	0.20100	1.36664	0.95665	0.20100	3.88633	0.40200	1.20600	1041.47000	1600
0.40300	6.10455	1110.57522	25	200	55	75.07808	266.18591	10	85.23828	219.18414	12	16	75.60225	71.28657	1.20900	0.52265	0.28746	2.31869	2.08682	0.20150	1.36376	0.95463	0.20150	3.88395	0.40300	1.20900	1041.47000	1600
0.40400	6.10169	1113.57460	25	200	55	75.45114	267.50857	10	85.48241	219.81192	12	16	75.80400	71.51656	1.21200	0.52006	0.28603	2.31869	2.08682	0.20200	1.36091	0.95263	0.20200	3.88160	0.40400	1.21200	1041.47000	1600
0.40500	6.09888	1116.58141	25	200	55	75.82512	268.83451	10	85.72715	220.44126	12	16	76.00625	71.74713	1.21500	0.51750	0.28462	2.31869	2.08682	0.20250	1.35807	0.95065	0.20250	3.87926	0.40500	1.21500	1041.47000	1600
0.40600	6.09612	1119.59566	25	200	55	76.20003	270.16373	10	85.97250	221.07215	12	16	76.20900	71.97826	1.21800	0.51495	0.28322	2.31869	2.08682	0.20300	1.35526	0.94868	0.20300	3.87695	0.40600	1.21800	1041.47000	1600
0.40700	6.09341	1122.61734	25	200	55	76.57586	271.49622	10	86.21845	221.70460	12	16	76.41225	72.20997	1.22100	0.51242	0.28183	2.31869	2.08682	0.20350	1.35246	0.94672	0.20350	3.87465	0.40700	1.22100	1041.47000	1600
0.40800	6.09075	1125.64646	25	200	55	76.95261	272.83200	10	86.46501	222.33860	12	16	76.61600	72.44224	1.22400	0.50992	0.28045	2.31869	2.08682	0.20400	1.34969	0.94478	0.20400	3.87238	0.40800	1.22400	1041.47000	1600
0.40900	6.08814	1128.68301	25	200	55	77.33030	274.17105	10	86.71217	222.97416	12	16	76.82025	72.67509	1.22700	0.50743	0.27908	2.31869	2.08682	0.20450	1.34694	0.94286	0.20450	3.87013	0.40900	1.22700	1041.47000	1600
0.41000	6.08557	1131.72700	25	200	55	77.70890	275.51337	10	86.95994	223.61128	12	16	77.02500	72.90850	1.23000	0.50495	0.27772	2.31869	2.08682	0.20500	1.34421	0.94094	0.20500	3.86789	0.41000	1.23000	1041.47000	1600
0.41100	6.08306	1134.77842	25	200	55	78.08843	276.85898	10	87.20832	224.24995	12	16	77.23025	73.14249	1.23300	0.50250	0.27637	2.31869	2.08682	0.20550	1.34149	0.93904	0.20550	3.86568	0.41100	1.23300	1041.47000	1600
0.41200	6.08059	1137.83727	25	200	55	78.46889	278.20787	10	87.45729	224.89019	12	16	77.43600	73.37704	1.23600	0.50006	0.27503	2.31869	2.08682	0.20600	1.33880	0.93716	0.20600	3.86349	0.41200	1.23600	1041.47000	1600
0.41300	6.07816	1140.90356	25	200	55	78.85026	279.56003	10	87.70688	225.53197	12	16	77.64225	73.61217	1.23900	0.49764	0.27370	2.31869	2.08682	0.20650	1.33613	0.93529	0.20650	3.86132	0.41300	1.23900	1041.47000	1600
0.41400	6.07579	1143.97728	25	200	55	79.23257	280.91547	10	87.95707	226.17532	12	16	77.84900	73.84786	1.24200	0.49524	0.27238	2.31869	2.08682	0.20700	1.33347	0.93343	0.20700	3.85916	0.41400	1.24200	1041.47000	1600
0.41500	6.07346	1147.05844	25	200	55	79.61580	282.27419	10	88.20786	226.82022	12	16	78.05625	74.08413	1.24500	0.49286	0.27107	2.31869	2.08682	0.20750	1.33084	0.93159	0.20750	3.85703	0.41500	1.24500	1041.47000	1600
0.41600	6.07117	1150.14703	25	200	55	79.99995	283.63618	10	88.45926	227.46668	12	16	78.26400	74.32096	1.24800	0.49049	0.26977	2.31869	2.08682	0.20800	1.32822	0.92976	0.20800	3.85491	0.41600	1.24800	1041.47000	1600
0.41700	6.06894	1153.24306	25	200	55	80.38503	285.00146	10	88.71127	228.11469	12	16	78.47225	74.55837	1.25100	0.48814	0.26848	2.31869	2.08682	0.20850	1.32563	0.92794	0.20850	3.85281	0.41700	1.25100	1041.47000	1600
0.41800	6.06674	1156.34652	25	200	55	80.77103	286.37001	10	88.96388	228.76426	12	16	78.68100	74.79634	1.25400	0.48581	0.26720	2.31869	2.08682	0.20900	1.32305	0.92613	0.20900	3.85074	0.41800	1.25400	1041.47000	1600
0.41900	6.06459	1159.45742	25	200	55	81.15796	287.74184	10	89.21710	229.41539	12	16	78.89025	75.03489	1.25700	0.48349	0.26592	2.31869	2.08682	0.20950	1.32049	0.92434	0.20950	3.84868	0.41900	1.25700	1041.47000	1600
0.42000	6.06249	1162.57575	25	200	55	81.54581	289.11695	10	89.47092	230.06807	12	16	79.10000	75.27400	1.26000	0.48119	0.26466	2.31869	2.08682	0.21000	1.31795	0.92256	0.21000	3.84663	0.42000	1.26000	1041.47000	1600
0.42100	6.06042	1165.70151	25	200	55	81.93458	290.49534	10	89.72534	230.72232	12	16	79.31025	75.51369	1.26300	0.47891	0.26340	2.31869	2.08682	0.21050	1.31542	0.92080	0.21050	3.84461	0.42100	1.26300	1041.47000	1600
0.42200	6.05840	1168.83471	25	200	55	82.32428	291.87700	10	89.98038	231.37811	12	16	79.52100	75.75394	1.26600	0.47664	0.26215	2.31869	2.08682	0.21100	1.31292	0.91904	0.21100	3.84261	0.42200	1.26600	1041.47000	1600
0.42300	6.05643	1171.97535	25	200	55	82.71491	293.26194	10	90.23601	232.03547	12	16	79.73225	75.99477	1.26900	0.47439	0.26092	2.31869	2.08682	0.21150	1.31043	0.91730	0.21150	3.84062	0.42300	1.26900	1041.47000	1600
0.42400	6.05449	1175.12342	25	200	55	83.10646	294.65016	10	90.49226	232.69438	12	16	79.94400	76.23616	1.27200	0.47216	0.25969	2.31869	2.08682	0.21200	1.30796	0.91557	0.21200	3.83865	0.42400	1.27200	1041.47000	1600
0.42500	6.05260	1178.27892	25	200	55	83.49893	296.04166	10	90.74911	233.35485	12	16	80.15625	76.47813	1.27500	0.46994	0.25847	2.31869	2.08682	0.21250	1.30550	0.91385	0.21250	3.83669	0.42500	1.27500	1041.47000	1600
0.42600	6.05075	1181.44186	25	200	55	83.89233	297.43644	10	91.00656	234.01687	12	16	80.36900	76.72066	1.27800	0.46773	0.25725	2.31869	2.08682	0.21300	1.30307	0.91215	0.21300	3.83476	0.42600	1.27800	1041.47000	1600
0.42700	6.04894	1184.61223	25	200	55	84.28665	298.83449	10	91.26462	234.68045	12	16	80.58225	76.96377	1.28100	0.46555	0.25605	2.31869	2.08682	0.21350	1.30065	0.91046	0.21350	3.83284	0.42700	1.28100	1041.47000	1600
0.42800	6.04717	1187.79003	25	200	55	84.68190	300.23582	10	91.52328	235.34559	12	16	80.79600	77.20744	1.28400	0.46337	0.25486	2.31869	2.08682	0.21400	1.29825	0.90877	0.21400	3.83094	0.42800	1.28400	1041.47000	1600
0.42900	6.04544	1190.97527	25	200	55	85.07807	301.64043	10	91.78255	236.01228	12	16	81.01025	77.45169	1.28700	0.46122	0.25367	2.31869	2.08682	0.21450	1.29586	0.90711	0.21450	3.82905	0.42900	1.28700	1041.47000	1600
0.43000	6.04375	1194.16795	25	200	55	85.47517	303.04832	10	92.04243	236.68053	12	16	81.22500	77.69650	1.29000	0.45907	0.25249	2.31869	2.08682	0.21500	1.29350	0.90545	0.21500	3.82719	0.43000	1.29000	1041.47000	1600
0.43100	6.04210	1197.36806	25	200	55	85.87319	304.45949	10	92.30291	237.35034	12	16	81.44025	77.94189	1.29300	0.45695	0.25132	2.31869	2.08682	0.21550	1.29114	0.90380	0.21550	3.82533	0.43100	1.29300	1041.47000	1600
0.43200	6.04049	1200.57560	25	200	55	86.27213	305.87393	10	92.56399	238.02170	12	16	81.65600	78.18784	1.29600	0.45483	0.25016	2.31869	2.08682	0.21600	1.28881	0.90217	0.21600	3.82350	0.43200	1.29600	1041.47000	1600
0.43300	6.03892	1203.79058	25	200	55	86.67201	307.29165	10	92.82569	238.69462	12	16	81.87225	78.43437	1.29900	0.45273	0.24900	2.31869	2.08682	0.21650	1.28649	0.90054	0.21650	3.82168	0.43300	1.29900	1041.47000	1600
0.43400	6.03738	1207.01300	25	200	55	87.07280	308.71265	10	93.08798	239.36910	12	16	82.08900	78.68146	1.30200	0.45065	0.24786	2.31869	2.08682	0.21700	1.28419	0.89893	0.21700	3.81988	0.43400	1.30200	1041.47000	1600
0.43500	6.03589	1210.24284	25	200	55	87.47452	310.13693	10	93.35088	240.04513	12	16	82.30625	78.92913	1.30500	0.44858	0.24672	2.31869	2.08682	0.21750	1.28190	0.89733	0.21750	3.81809	0.43500	1.30500	1041.47000	1600
0.43600	6.03443	1213.48012	25	200	55	87.87716	311.56449	10	93.61439	240.72272	12	16	82.52400	79.17736	1.30800	0.44653	0.24559	2.31869	2.08682	0.21800	1.27963	0.89574	0.21800	3.81632	0.43600	1.30800	1041.47000	1600
0.43700	6.03301	1216.72484	25	200	55	88.28073	312.99532	10	93.87850	241.40187	12	16	82.74225	79.42617	1.31100	0.44448	0.24447	2.31869	2.08682	0.21850	1.27737	0.89416	0.21850	3.81456	0.43700	1.31100	1041.47000	1600
0.43800	6.03163	1219.97699	25	200	55	88.68522	314.42943	10	94.14322	242.08257	12	16	82.96100	79.67554	1.31400	0.44246	0.24335	2.31869	2.08682	0.21900	1.27513	0.89259	0.21900	3.81282	0.43800	1.31400	1041.47000	1600
0.43900	6.03028	1223.23658	25	200	55	89.09064	315.86682	10	94.40855	242.76483	12	16	83.18025	79.92549	1.31700	0.44044	0.24224	2.31869	2.08682	0.21950	1.27291	0.89103	0.21950	3.81110	0.43900	1.31700	1041.47000	1600
0.44000	6.02897	1226.50360	25	200	55	89.49698	317.30749	10	94.67447	243.44865	12	16	83.40000	80.17600	1.32000	0.43844	0.24114	2.31869	2.08682	0.22000	1.27070	0.88949	0.22000	3.80939	0.44000	1.32000	1041.47000	1600
0.44100	6.02770	1229.77805	25	200	55	89.90425	318.75144	10	94.94101	244.13402	12	16	83.62025	80.42709	1.32300	0.43646	0.24005	2.31869	2.08682	0.22050	1.26850	0.88795	0.22050	3.80769	0.44100	1.32300	1041.47000	1600
0.44200	6.02646	1233.05994	25	200	55	90.31244	320.19866	10	95.20815	244.82095	12	16	83.84100	80.67874	1.32600	0.43448	0.23897	2.31869	2.08682	0.22100	1.26632	0.88642	0.22100	3.80601	0.44200	1.32600	1041.47000	1600
0.44300	6.02526	1236.34926	25	200	55	90.72156	321.64916	10	95.47589	245.50944	12	16	84.06225	80.93097	1.32900	0.43253	0.23789	2.31869	2.08682	0.22150	1.26415	0.88491	0.22150	3.80434	0.44300	1.32900	1041.47000	1600
0.44400	6.02409	1239.64602	25	200	55	91.13160	323.10294	10	95.74424	246.19948	12	16	84.28400	81.18376	1.33200	0.43058	0.23682	2.31869	2.08682	0.22200	1.26200	0.88340	0.22200	3.80269	0.44400	1.33200	1041.47000	1600
0.44500	6.02296	1242.95021	25	200	55	91.54256	324.56000	10	96.01320	246.89108	12	16	84.50625	81.43713	1.33500	0.42865	0.23576	2.31869	2.08682	0.22250	1.25987	0.88191	0.22250	3.80106	0.44500	1.33500	1041.47000	1600
0.44600	6.02186	1246.26184	25	200	55	91.95445	326.02034	10	96.28276	247.58423	12	16	84.72900	81.69106	1.33800	0.42673	0.23470	2.31869	2.08682	0.22300	1.25775	0.88042	0.22300	3.79944	0.44600	1.33800	1041.47000	1600
0.44700	6.02080	1249.58090	25	200	55	92.36727	327.48395	10	96.55292	248.27895	12	16	84.95225	81.94557	1.34100	0.42482	0.23365	2.31869	2.08682	0.22350	1.25564	0.87895	0.22350	3.79783	0.44700	1.34100	1041.47000	1600
0.44800	6.01977	1252.90740	25	200	55	92.78101	328.95084	10	96.82369	248.97522	12	16	85.17600	82.20064	1.34400	0.42292	0.23261	2.31869	2.08682	0.22400	1.25354	0.87748	0.22400	3.79623	0.44800	1.34400	1041.47000	1600
0.44900	6.01877	1256.24133	25	200	55	93.19567	330.42101	10	97.09507	249.67304	12	16	85.40025	82.45629	1.34700	0.42104	0.23157	2.31869	2.08682	0.22450	1.25146	0.87603	0.22450	3.79465	0.44900	1.34700	1041.47000	1600
0.45000	6.01781	1259.58269	25	200	55	93.61126	331.89446	10	97.36705	250.37242	12	16	85.62500	82.71250	1.35000	0.41917	0.23055	2.31869	2.08682	0.22500	1.24940	0.87458	0.22500	3.79309	0.45000	1.35000	1041.47000	1600
0.45100	6.01688	1262.93149	25	200	55	94.02777	333.37118	10	97.63964	251.07336	12	16	85.85025	82.96929	1.35300	0.41732	0.22952	2.31869	2.08682	0.22550	1.24735	0.87314	0.22550	3.79154	0.45100	1.35300	1041.47000	1600
0.45200	6.01598	1266.28772	25	200	55	94.44521	334.85119	10	97.91283	251.77586	12	16	86.07600	83.22664	1.35600	0.41547	0.22851	2.31869	2.08682	0.22600	1.24531	0.87172	0.22600	3.79000	0.45200	1.35600	1041.47000	1600
0.45300	6.01511	1269.65139	25	200	55	94.86357	336.33447	10	98.18663	252.47991	12	16	86.30225	83.48457	1.35900	0.41364	0.22750	2.31869	2.08682	0.22650	1.24328	0.87030	0.22650	3.78847	0.45300	1.35900	1041.47000	1600
0.45400	6.01428	1273.02249	25	200	55	95.28285	337.82103	10	98.46103	253.18552	12	16	86.52900	83.74306	1.36200	0.41182	0.22650	2.31869	2.08682	0.22700	1.24127	0.86889	0.22700	3.78696	0.45400	1.36200	1041.47000	1600
0.45500	6.01348	1276.40103	25	200	55	95.70306	339.31086	10	98.73604	253.89268	12	16	86.75625	84.00213	1.36500	0.41001	0.22551	2.31869	2.08682	0.22750	1.23927	0.86749	0.22750	3.78546	0.45500	1.36500	1041.47000	1600
0.45600	6.01271	1279.78700	25	200	55	96.12420	340.80398	10	99.01166	254.60141	12	16	86.98400	84.26176	1.36800	0.40822	0.22452	2.31869	2.08682	0.22800	1.23729	0.86610	0.22800	3.78398	0.45600	1.36800	1041.47000	1600
0.45700	6.01197	1283.18041	25	200	55	96.54626	342.30037	10	99.28788	255.31168	12	16	87.21225	84.52197	1.37100	0.40643	0.22354	2.31869	2.08682	0.22850	1.23532	0.86472	0.22850	3.78250	0.45700	1.37100	1041.47000	1600
0.45800	6.01127	1286.58125	25	200	55	96.96924	343.80004	10	99.56470	256.02352	12	16	87.44100	84.78274	1.37400	0.40466	0.22256	2.31869	2.08682	0.22900	1.23336	0.86335	0.22900	3.78105	0.45800	1.37400	1041.47000	1600
0.45900	6.01059	1289.98952	25	200	55	97.39315	345.30299	10	99.84213	256.73691	12	16	87.67025	85.04409	1.37700	0.40290	0.22159	2.31869	2.08682	0.22950	1.23141	0.86199	0.22950	3.77960	0.45900	1.37700	1041.47000	1600
0.46000	6.00994	1293.40523	25	200	55	97.81799	346.80922	10	100.12017	257.45186	12	16	87.90000	85.30600	1.38000	0.40115	0.22063	2.31869	2.08682	0.23000	1.22948	0.86063	0.23000	3.77817	0.46000	1.38000	1041.47000	1600
0.46100	6.00933	1296.82837	25	200	55	98.24374	348.31873	10	100.39881	258.16836	12	16	88.13025	85.56849	1.38300	0.39941	0.21967	2.31869	2.08682	0.23050	1.22755	0.85929	0.23050	3.77674	0.46100	1.38300	1041.47000	1600
0.46200	6.00874	1300.25895	25	200	55	98.67043	349.83151	10	100.67805	258.88642	12	16	88.36100	85.83154	1.38600	0.39768	0.21872	2.31869	2.08682	0.23100	1.22565	0.85795	0.23100	3.77533	0.46200	1.38600	1041.47000	1600
0.46300	6.00818	1303.69696	25	200	55	99.09803	351.34757	10	100.95790	259.60604	12	16	88.59225	86.09517	1.38900	0.39597	0.21778	2.31869	2.08682	0.23150	1.22375	0.85662	0.23150	3.77394	0.46300	1.38900	1041.47000	1600
0.46400	6.00766	1307.14241	25	200	55	99.52656	352.86691	10	101.23836	260.32722	12	16	88.82400	86.35936	1.39200	0.39426	0.21684	2.31869	2.08682	0.23200	1.22186	0.85531	0.23200	3.77255	0.46400	1.39200	1041.47000	1600
0.46500	6.00716	1310.59529	25	200	55	99.95602	354.38953	10	101.51942	261.04995	12	16	89.05625	86.62413	1.39500	0.39257	0.21591	2.31869	2.08682	0.23250	1.21999	0.85399	0.23250	3.77118	0.46500	1.39500	1041.47000	1600
0.46600	6.00669	1314.05561	25	200	55	100.38640	355.91542	10	101.80109	261.77423	12	16	89.28900	86.88946	1.39800	0.39088	0.21499	2.31869	2.08682	0.23300	1.21813	0.85269	0.23300	3.76982	0.46600	1.39800	1041.47000	1600
0.46700	6.00625	1317.52336	25	200	55	100.81771	357.44459	10	102.08336	262.50008	12	16	89.52225	87.15537	1.40100	0.38921	0.21407	2.31869	2.08682	0.23350	1.21628	0.85140	0.23350	3.76847	0.46700	1.40100	1041.47000	1600
0.46800	6.00584	1320.99854	25	200	55	101.24994	358.97705	10	102.36624	263.22748	12	16	89.75600	87.42184	1.40400	0.38755	0.21315	2.31869	2.08682	0.23400	1.21445	0.85011	0.23400	3.76714	0.46800	1.40400	1041.47000	1600
0.46900	6.00546	1324.48116	25	200	55	101.68309	360.51277	10	102.64972	263.95644	12	16	89.99025	87.68889	1.40700	0.38590	0.21224	2.31869	2.08682	0.23450	1.21262	0.84884	0.23450	3.76581	0.46900	1.40700	1041.47000	1600
0.47000	6.00510	1327.97121	25	200	55	102.11717	362.05178	10	102.93381	264.68695	12	16	90.22500	87.95650	1.41000	0.38426	0.21134	2.31869	2.08682	0.23500	1.21081	0.84757	0.23500	3.76450	0.47000	1.41000	1041.47000	1600
0.47100	6.00477	1331.46870	25	200	55	102.55217	363.59407	10	103.21851	265.41902	12	16	90.46025	88.22469	1.41300	0.38263	0.21045	2.31869	2.08682	0.23550	1.20901	0.84631	0.23550	3.76320	0.47100	1.41300	1041.47000	1600
0.47200	6.00447	1334.97362	25	200	55	102.98810	365.13963	10	103.50381	266.15265	12	16	90.69600	88.49344	1.41600	0.38101	0.20955	2.31869	2.08682	0.23600	1.20722	0.84505	0.23600	3.76191	0.47200	1.41600	1041.47000	1600
0.47300	6.00420	1338.48598	25	200	55	103.42495	366.68847	10	103.78971	266.88783	12	16	90.93225	88.76277	1.41900	0.37940	0.20867	2.31869	2.08682	0.23650	1.20544	0.84381	0.23650	3.76063	0.47300	1.41900	1041.47000	1600
0.47400	6.00395	1342.00577	25	200	55	103.86273	368.24059	10	104.07622	267.62457	12	16	91.16900	89.03266	1.42200	0.37780	0.20779	2.31869	2.08682	0.23700	1.20367	0.84257	0.23700	3.75936	0.47400	1.42200	1041.47000	1600
0.47500	6.00373	1345.53299	25	200	55	104.30143	369.79599	10	104.36334	268.36287	12	16	91.40625	89.30313	1.42500	0.37621	0.20692	2.31869	2.08682	0.23750	1.20192	0.84134	0.23750	3.75811	0.47500	1.42500	1041.47000	1600
0.47600	6.00353	1349.06396	25	200	55	104.74106	371.35466	10	104.65002	269.10006	12	16	91.64400	89.57416	1.42800	0.37463	0.20605	2.31869	2.08682	0.23800	1.20016	0.84011	0.23800	3.75685	0.47600	1.42800	1041.47000	1600
0.47700	6.00337	1352.60716	25	200	55	105.18161	372.91661	10	104.93866	269.84226	12	16	91.88225	89.84577	1.43100	0.37306	0.20518	2.31869	2.08682	0.23850	1.19843	0.83890	0.23850	3.75562	0.47700	1.43100	1041.47000	1600
0.47800	6.00323	1356.15779	25	200	55	105.62308	374.48184	10	105.22790	270.58602	12	16	92.12100	90.11794	1.43400	0.37150	0.20433	2.31869	2.08682	0.23900	1.19671	0.83770	0.23900	3.75440	0.47800	1.43400	1041.47000	1600
0.47900	6.00312	1359.71587	25	200	55	106.06548	376.05035	10	105.51775	271.33135	12	16	92.36025	90.39069	1.43700	0.36995	0.20347	2.31869	2.08682	0.23950	1.19500	0.83650	0.23950	3.75319	0.47900	1.43700	1041.47000	1600
0.48000	6.00303	1363.28138	25	200	55	106.50881	377.62214	10	105.80820	272.07823	12	16	92.60000	90.66400	1.44000	0.36841	0.20263	2.31869	2.08682	0.24000	1.19330	0.83531	0.24000	3.75199	0.48000	1.44000	1041.47000	1600
0.48100	6.00298	1366.85434	25	200	55	106.95306	379.19720	10	106.09926	272.82668	12	16	92.84025	90.93789	1.44300	0.36688	0.20179	2.31869	2.08682	0.24050	1.19162	0.83413	0.24050	3.75081	0.48100	1.44300	1041.47000	1600
0.48200	6.00294	1370.43473	25	200	55	107.39823	380.77555	10	106.39093	273.57668	12	16	93.08100	91.21234	1.44600	0.36536	0.20095	2.31869	2.08682	0.24100	1.18994	0.83296	0.24100	3.74963	0.48200	1.44600	1041.47000	1600
0.48300	6.00293	1374.02257	25	200	55	107.84433	382.35717	10	106.68321	274.32825	12	16	93.32225	91.48737	1.44900	0.36385	0.20012	2.31869	2.08682	0.24150	1.18827	0.83179	0.24150	3.74846	0.48300	1.44900	1041.47000	1600
0.48400	6.00293	1377.61257	25	200	55	108.29135	383.94206	10	106.97461	275.07758	12	16	93.56400	91.76296	1.45200	0.36235	0.19929	2.31869	2.08682	0.24200	1.18660	0.83062	0.24200	3.74729	0.48400	1.45200	1041.47000	1600
0.48500	6.00297	1381.21414	25	200	55	108.73930	385.53024	10	107.26778	275.83144	12	16	93.80625	92.03913	1.45500	0.36086	0.19847	2.31869	2.08682	0.24250	1.18495	0.82946	0.24250	3.74614	0.48500	1.45500	1041.47000	1600
0.48600	6.00303	1384.82314	25	200	55	109.18817	387.12170	10	107.56156	276.58686	12	16	94.04900	92.31586	1.45800	0.35937	0.19766	2.31869	2.08682	0.24300	1.18331	0.82832	0.24300	3.74500	0.48600	1.45800	1041.47000	1600
0.48700	6.00311	1388.43958	25	200	55	109.63797	388.71643	10	107.85594	277.34383	12	16	94.29225	92.59317	1.46100	0.35790	0.19684	2.31869	2.08682	0.24350	1.18168	0.82718	0.24350	3.74387	0.48700	1.46100	1041.47000	1600
0.48800	6.00322	1392.06345	25	200	55	110.08869	390.31444	10	108.15092	278.10237	12	16	94.53600	92.87104	1.46400	0.35643	0.19604	2.31869	2.08682	0.24400	1.18006	0.82604	0.24400	3.74275	0.48800	1.46400	1041.47000	1600
0.48900	6.00336	1395.69476	25	200	55	110.54033	391.91573	10	108.44651	278.86245	12	16	94.78025	93.14949	1.46700	0.35498	0.19524	2.31869	2.08682	0.24450	1.17845	0.82492	0.24450	3.74164	0.48900	1.46700	1041.47000	1600
0.49000	6.00351	1399.33350	25	200	55	110.99290	393.52029	10	108.74271	279.62410	12	16	95.02500	93.42850	1.47000	0.35353	0.19444	2.31869	2.08682	0.24500	1.17685	0.82380	0.24500	3.74054	0.49000	1.47000	1041.47000	1600
0.49100	6.00369	1402.97968	25	200	55	111.44640	395.12814	10	109.03951	280.38730	12	16	95.27025	93.70809	1.47300	0.35209	0.19365	2.31869	2.08682	0.24550	1.17526	0.82268	0.24550	3.73945	0.49100	1.47300	1041.47000	1600
0.49200	6.00390	1406.63329	25	200	55	111.90082	396.73926	10	109.33691	281.15206	12	16	95.51600	93.98824	1.47600	0.35066	0.19286	2.31869	2.08682	0.24600	1.17368	0.82158	0.24600	3.73837	0.49200	1.47600	1041.47000	1600
0.49300	6.00412	1410.29433	25	200	55	112.35616	398.35366	10	109.63492	281.91837	12	16	95.76225	94.26897	1.47900	0.34924	0.19208	2.31869	2.08682	0.24650	1.17211	0.82048	0.24650	3.73730	0.49300	1.47900	1041.47000	1600
0.49400	6.00437	1413.96281	25	200	55	112.81243	399.97134	10	109.93354	282.68624	12	16	96.00900	94.55026	1.48200	0.34783	0.19131	2.31869	2.08682	0.24700	1.17055	0.81939	0.24700	3.73624	0.49400	1.48200	1041.47000	1600
0.49500	6.00465	1417.63872	25	200	55	113.26962	401.59229	10	110.23276	283.45567	12	16	96.25625	94.83213	1.48500	0.34642	0.19053	2.31869	2.08682	0.24750	1.16900	0.81830	0.24750	3.73519	0.49500	1.48500	1041.47000	1600
0.49600	6.00494	1421.32207	25	200	55	113.72774	403.21653	10	110.53259	284.22665	12	16	96.50400	95.11456	1.48800	0.34503	0.18977	2.31869	2.08682	0.24800	1.16746	0.81722	0.24800	3.73415	0.49600	1.48800	1041.47000	1600
0.49700	6.00526	1425.01285	25	200	55	114.18678	404.84404	10	110.83302	284.99919	12	16	96.75225	95.39757	1.49100	0.34364	0.18900	2.31869	2.08682	0.24850	1.16592	0.81615	0.24850	3.73311	0.49700	1.49100	1041.47000	1600
0.49800	6.00560	1428.71107	25	200	55	114.64675	406.47483	10	111.13406	285.77329	12	16	97.00100	95.68114	1.49400	0.34226	0.18824	2.31869	2.08682	0.24900	1.16440	0.81508	0.24900	3.73209	0.49800	1.49400	1041.47000	1600
0.49900	6.00596	1432.41672	25	200	55	115.10764	408.10890	10	111.43570	286.54895	12	16	97.25025	95.96529	1.49700	0.34089	0.18749	2.31869	2.08682	0.24950	1.16289	0.81402	0.24950	3.73108	0.49900	1.49700	1041.47000	1600
0.50000	6.00634	1436.12980	25	200	55	115.56945	409.74624	10	111.73795	287.32616	12	16	97.50000	96.25000	1.50000	0.33953	0.18674	2.31869	2.08682	0.25000	1.16138	0.81297	0.25000	3.73007	0.50000	1.50000	1041.47000	1600
0.50100	6.00675	1439.85032	25	200	55	116.03219	411.38687	10	112.04080	288.10492	12	16	97.75025	96.53529	1.50300	0.33818	0.18600	2.31869	2.08682	0.25050	1.15988	0.81192	0.25050	3.72907	0.50100	1.50300	1041.47000	1600
0.50200	6.00717	1443.57827	25	200	55	116.49586	413.03077	10	112.34426	288.88524	12	16	98.00100	96.82114	1.50600	0.33683	0.18526	2.31869	2.08682	0.25100	1.15840	0.81088	0.25100	3.72809	0.50200	1.50600	1041.47000	1600
0.50300	6.00762	1447.31366	25	200	55	116.96045	414.67795	10	112.64833	289.66712	12	16	98.25225	97.10757	1.50900	0.33549	0.18452	2.31869	2.08682	0.25150	1.15692	0.80984	0.25150	3.72711	0.50300	1.50900	1041.47000	1600
0.50400	6.00809	1451.05649	25	200	55	117.42596	416.32841	10	112.95300	290.45056	12	16	98.50400	97.39456	1.51200	0.33416	0.18379	2.31869	2.08682	0.25200	1.15545	0.80881	0.25200	3.72614	0.50400	1.51200	1041.47000	1600
0.50500	6.00858	1454.80674	25	200	55	117.89240	417.98214	10	113.25827	291.23555	12	16	98.75625	97.68213	1.51500	0.33284	0.18306	2.31869	2.08682	0.25250	1.15399	0.80779	0.25250	3.72518	0.50500	1.51500	1041.47000	1600
0.50600	6.00909	1458.56443	25	200	55	118.35976	419.63916	10	113.56415	292.02210	12	16	99.00900	97.97026	1.51800	0.33153	0.18234	2.31869	2.08682	0.25300	1.15254	0.80677	0.25300	3.72422	0.50600	1.51800	1041.47000	1600
0.50700	6.00962	1462.32956	25	200	55	118.82805	421.29945	10	113.87064	292.81021	12	16	99.26225	98.25897	1.52100	0.33022	0.18162	2.31869	2.08682	0.25350	1.15109	0.80576	0.25350	3.72328	0.50700	1.52100	1041.47000	1600
0.50800	6.01017	1466.10212	25	200	55	119.29726	422.96302	10	114.17773	293.59987	12	16	99.51600	98.54824	1.52400	0.32892	0.18091	2.31869	2.08682	0.25400	1.14966	0.80476	0.25400	3.72235	0.50800	1.52400	1041.47000	1600
0.50900	6.01074	1469.88211	25	200	55	119.76740	424.62987	10	114.48542	294.39109	12	16	99.77025	98.83809	1.52700	0.32763	0.18020	2.31869	2.08682	0.25450	1.14823	0.80376	0.25450	3.72142	0.50900	1.52700	1041.47000	1600
0.51000	6.01134	1473.66954	25	200	55	120.23846	426.29999	10	114.79372	295.18386	12	16	100.02500	99.12850	1.53000	0.32635	0.17949	2.31869	2.08682	0.25500	1.14681	0.80277	0.25500	3.72050	0.51000	1.53000	1041.47000	1600
0.51100	6.01195	1477.46440	25	200	55	120.71045	427.97340	10	115.10263	295.97820	12	16	100.28025	99.41949	1.53300	0.32507	0.17879	2.31869	2.08682	0.25550	1.14540	0.80178	0.25550	3.71959	0.51100	1.53300	1041.47000	1600
0.51200	6.01258	1481.26670	25	200	55	121.18336	429.65008	10	115.41214	296.77408	12	16	100.53600	99.71104	1.53600	0.32380	0.17809	2.31869	2.08682	0.25600	1.14400	0.80080	0.25600	3.71869	0.51200	1.53600	1041.47000	1600
0.51300	6.01323	1485.07643	25	200	55	121.65719	431.33004	10	115.72226	297.57153	12	16	100.79225	100.00317	1.53900	0.32254	0.17740	2.31869	2.08682	0.25650	1.14261	0.79982	0.25650	3.71779	0.51300	1.53900	1041.47000	1600
0.51400	6.01390	1488.89360	25	200	55	122.13195	433.01327	10	116.03298	298.37053	12	16	101.04900	100.29586	1.54200	0.32129	0.17671	2.31869	2.08682	0.25700	1.14122	0.79885	0.25700	3.71691	0.51400	1.54200	1041.47000	1600
0.51500	6.01459	1492.71820	25	200	55	122.60763	434.69979	10	116.34431	299.17109	12	16	101.30625	100.58913	1.54500	0.32004	0.17602	2.31869	2.08682	0.25750	1.13984	0.79789	0.25750	3.71603	0.51500	1.54500	1041.47000	1600
0.51600	6.01530	1496.55023	25	200	55	123.08424	436.38958	10	116.65625	299.97320	12	16	101.56400	100.88296	1.54800	0.31880	0.17534	2.31869	2.08682	0.25800	1.13847	0.79693	0.25800	3.71516	0.51600	1.54800	1041.47000	1600
0.51700	6.01603	1500.38970	25	200	55	123.56177	438.08266	10	116.96878	300.77687	12	16	101.82225	101.17737	1.55100	0.31757	0.17466	2.31869	2.08682	0.25850	1.13711	0.79598	0.25850	3.71430	0.51700	1.55100	1041.47000	1600
0.51800	6.01678	1504.23661	25	200	55	124.04023	439.77900	10	117.28193	301.58210	12	16	102.08100	101.47234	1.55400	0.31634	0.17399	2.31869	2.08682	0.25900	1.13576	0.79503	0.25900	3.71345	0.51800	1.55400	1041.47000	1600
0.51900	6.01755	1508.09094	25	200	55	124.51961	441.47863	10	117.59568	302.38888	12	16	102.34025	101.76789	1.55700	0.31513	0.17332	2.31869	2.08682	0.25950	1.13441	0.79409	0.25950	3.71260	0.51900	1.55700	1041.47000	1600
0.52000	6.01833	1511.95271	25	200	55	124.99992	443.18154	10	117.91003	303.19722	12	16	102.60000	102.06400	1.56000	0.31392	0.17265	2.31869	2.08682	0.26000	1.13307	0.79315	0.26000	3.71176	0.52000	1.56000	1041.47000	1600
0.52100	6.01913	1515.82192	25	200	55	125.48115	444.88772	10	118.22499	304.00712	12	16	102.86025	102.36069	1.56300	0.31271	0.17199	2.31869	2.08682	0.26050	1.13174	0.79222	0.26050	3.71093	0.52100	1.56300	1041.47000	1600
0.52200	6.01996	1519.69856	25	200	55	125.96331	446.59718	10	118.54056	304.81857	12	16	103.12100	102.65794	1.56600	0.31151	0.17133	2.31869	2.08682	0.26100	1.13042	0.79129	0.26100	3.71011	0.52200	1.56600	1041.47000	1600
0.52300	6.02080	1523.58264	25	200	55	126.44639	448.30992	10	118.85673	305.63158	12	16	103.38225	102.95577	1.56900	0.31032	0.17068	2.31869	2.08682	0.26150	1.12911	0.79037	0.26150	3.70929	0.52300	1.56900	1041.47000	1600
0.52400	6.02166	1527.47415	25	200	55	126.93039	450.02594	10	119.17350	306.44615	12	16	103.64400	103.25416	1.57200	0.30914	0.17003	2.31869	2.08682	0.26200	1.12780	0.78946	0.26200	3.70849	0.52400	1.57200	1041.47000	1600
0.52500	6.02253	1531.37309	25	200	55	127.41532	451.74523	10	119.49088	307.26227	12	16	103.90625	103.55313	1.57500	0.30796	0.16938	2.31869	2.08682	0.26250	1.12650	0.78855	0.26250	3.70769	0.52500	1.57500	1041.47000	1600
0.52600	6.02343	1535.27947	25	200	55	127.90118	453.46781	10	119.80887	308.07995	12	16	104.16900	103.85266	1.57800	0.30679	0.16874	2.31869	2.08682	0.26300	1.12520	0.78764	0.26300	3.70689	0.52600	1.57800	1041.47000	1600
0.52700	6.02434	1539.19328	25	200	55	128.38795	455.19366	10	120.12746	308.89919	12	16	104.43225	104.15277	1.58100	0.30563	0.16810	2.31869	2.08682	0.26350	1.12392	0.78674	0.26350	3.70611	0.52700	1.58100	1041.47000	1600
0.52800	6.02527	1543.11453	25	200	55	128.87566	456.92279	10	120.44666	309.71998	12	16	104.69600	104.45344	1.58400	0.30447	0.16746	2.31869	2.08682	0.26400	1.12264	0.78585	0.26400	3.70533	0.52800	1.58400	1041.47000	1600
0.52900	6.02621	1547.04321	25	200	55	129.36429	458.65519	10	120.76646	310.54233	12	16	104.96025	104.75469	1.58700	0.30332	0.16683	2.31869	2.08682	0.26450	1.12137	0.78496	0.26450	3.70456	0.52900	1.58700	1041.47000	1600
0.53000	6.02718	1550.97932	25	200	55	129.85384	460.39088	10	121.08687	311.36623	12	16	105.22500	105.05650	1.59000	0.30218	0.16620	2.31869	2.08682	0.26500	1.12011	0.78407	0.26500	3.70380	0.53000	1.59000	1041.47000	1600
0.53100	6.02816	1554.92287	25	200	55	130.34431	462.12984	10	121.40788	312.19170	12	16	105.49025	105.35889	1.59300	0.30104	0.16557	2.31869	2.08682	0.26550	1.11885	0.78320	0.26550	3.70304	0.53100	1.59300	1041.47000	1600
0.53200	6.02916	1558.87386	25	200	55	130.83572	463.87208	10	121.72950	313.01872	12	16	105.75600	105.66184	1.59600	0.29991	0.16495	2.31869	2.08682	0.26600	1.11760	0.78232	0.26600	3.70229	0.53200	1.59600	1041.47000	1600
0.53300	6.03017	1562.83227	25	200	55	131.32804	465.61760	10	122.05172	313.84729	12	16	106.02225	105.96537	1.59900	0.29879	0.16433	2.31869	2.08682	0.26650	1.11636	0.78145	0.26650	3.70155	0.53300	1.59900	1041.47000	1600
0.53400	6.03120	1566.79813	25	200	55	131.82129	467.36640	10	122.37455	314.67742	12	16	106.28900	106.26946	1.60200	0.29767	0.16372	2.31869	2.08682	0.26700	1.11512	0.78059	0.26700	3.70081	0.53400	1.60200	1041.47000	1600
0.53500	6.03225	1570.77141	25	200	55	132.31547	469.11847	10	122.69799	315.50911	12	16	106.55625	106.57413	1.60500	0.29656	0.16311	2.31869	2.08682	0.26750	1.11389	0.77973	0.26750	3.70008	0.53500	1.60500	1041.47000	1600
0.53600	6.03331	1574.75213	25	200	55	132.81057	470.87383	10	123.02203	316.34235	12	16	106.82400	106.87936	1.60800	0.29545	0.16250	2.31869	2.08682	0.26800	1.11267	0.77887	0.26800	3.69936	0.53600	1.60800	1041.47000	1600
0.53700	6.03440	1578.74029	25	200	55	133.30659	472.63246	10	123.34667	317.17715	12	16	107.09225	107.18517	1.61100	0.29435	0.16189	2.31869	2.08682	0.26850	1.11146	0.77802	0.26850	3.69865	0.53700	1.61100	1041.47000	1600
0.53800	6.03549	1582.73588	25	200	55	133.80354	474.39437	10	123.67192	318.01351	12	16	107.36100	107.49154	1.61400	0.29326	0.16129	2.31869	2.08682	0.26900	1.11025	0.77717	0.26900	3.69794	0.53800	1.61400	1041.47000	1600
0.53900	6.03661	1586.73890	25	200	55	134.30141	476.15955	10	123.99778	318.85142	12	16	107.63025	107.79849	1.61700	0.29217	0.16070	2.31869	2.08682	0.26950	1.10905	0.77633	0.26950	3.69724	0.53900	1.61700	1041.47000	1600
0.54000	6.03774	1590.74936	25	200	55	134.80021	477.92802	10	124.32424	319.69090	12	16	107.90000	108.10600	1.62000	0.29109	0.16010	2.31869	2.08682	0.27000	1.10785	0.77550	0.27000	3.69654	0.54000	1.62000	1041.47000	1600
0.54100	6.03888	1594.76725	25	200	55	135.29993	479.69976	10	124.65130	320.53192	12	16	108.17025	108.41409	1.62300	0.29002	0.15951	2.31869	2.08682	0.27050	1.10667	0.77467	0.27050	3.69585	0.54100	1.62300	1041.47000	1600
0.54200	6.04004	1598.79258	25	200	55	135.80058	481.47478	10	124.97897	321.37450	12	16	108.44100	108.72274	1.62600	0.28895	0.15892	2.31869	2.08682	0.27100	1.10548	0.77384	0.27100	3.69517	0.54200	1.62600	1041.47000	1600
0.54300	6.04122	1602.82534	25	200	55	136.30215	483.25308	10	125.30725	322.21864	12	16	108.71225	109.03197	1.62900	0.28789	0.15834	2.31869	2.08682	0.27150	1.10431	0.77302	0.27150	3.69450	0.54300	1.62900	1041.47000	1600
0.54400	6.04241	1606.86554	25	200	55	136.80465	485.03466	10	125.63613	323.06434	12	16	108.98400	109.34176	1.63200	0.28683	0.15776	2.31869	2.08682	0.27200	1.10314	0.77220	0.27200	3.69383	0.54400	1.63200	1041.47000	1600
0.54500	6.04362	1610.91317	25	200	55	137.30807	486.81951	10	125.96562	323.91159	12	16	109.25625	109.65213	1.63500	0.28578	0.15718	2.31869	2.08682	0.27250	1.10198	0.77138	0.27250	3.69317	0.54500	1.63500	1041.47000	1600
0.54600	6.04484	1614.96823	25	200	55	137.81241	488.60765	10	126.29571	324.76040	12	16	109.52900	109.96306	1.63800	0.28473	0.15660	2.31869	2.08682	0.27300	1.10082	0.77058	0.27300	3.69251	0.54600	1.63800	1041.47000	1600
0.54700	6.04608	1619.03073	25	200	55	138.31768	490.39906	10	126.62641	325.61077	12	16	109.80225	110.27457	1.64100	0.28369	0.15603	2.31869	2.08682	0.27350	1.09967	0.76977	0.27350	3.69186	0.54700	1.64100	1041.47000	1600
0.54800	6.04734	1623.10066	25	200	55	138.82388	492.19374	10	126.95771	326.46269	12	16	110.07600	110.58664	1.64400	0.28266	0.15546	2.31869	2.08682	0.27400	1.09853	0.76897	0.27400	3.69122	0.54800	1.64400	1041.47000	1600
0.54900	6.04860	1627.17803	25	200	55	139.33100	493.99171	10	127.28962	327.31617	12	16	110.35025	110.89929	1.64700	0.28163	0.15489	2.31869	2.08682	0.27450	1.09739	0.76818	0.27450	3.69058	0.54900	1.64700	1041.47000	1600
0.55000	6.04989	1631.26283	25	200	55	139.83904	495.79296	10	127.62213	328.17120	12	16	110.62500	111.21250	1.65000	0.28060	0.15433	2.31869	2.08682	0.27500	1.09626	0.76738	0.27500	3.68995	0.55000	1.65000	1041.47000	1600
0.55100	6.05119	1635.35507	25	200	55	140.34801	497.59748	10	127.95525	329.02779	12	16	110.90025	111.52629	1.65300	0.27959	0.15377	2.31869	2.08682	0.27550	1.09514	0.76660	0.27550	3.68933	0.55100	1.65300	1041.47000	1600
0.55200	6.05250	1639.45474	25	200	55	140.85790	499.40528	10	128.28898	329.88594	12	16	111.17600	111.84064	1.65600	0.27857	0.15322	2.31869	2.08682	0.27600	1.09402	0.76581	0.27600	3.68871	0.55200	1.65600	1041.47000	1600
0.55300	6.05383	1643.56184	25	200	55	141.36872	501.21636	10	128.62331	330.74565	12	16	111.45225	112.15557	1.65900	0.27757	0.15266	2.31869	2.08682	0.27650	1.09291	0.76504	0.27650	3.68810	0.55300	1.65900	1041.47000	1600
0.55400	6.05517	1647.67638	25	200	55	141.88046	503.03071	10	128.95824	331.60691	12	16	111.72900	112.47106	1.66200	0.27657	0.15211	2.31869	2.08682	0.27700	1.09180	0.76426	0.27700	3.68749	0.55400	1.66200	1041.47000	1600
0.55500	6.05652	1651.79835	25	200	55	142.39312	504.84835	10	129.29378	332.46973	12	16	112.00625	112.78713	1.66500	0.27557	0.15156	2.31869	2.08682	0.27750	1.09070	0.76349	0.27750	3.68689	0.55500	1.66500	1041.47000	1600
0.55600	6.05790	1655.92776	25	200	55	142.90671	506.66926	10	129.62993	333.33410	12	16	112.28400	113.10376	1.66800	0.27458	0.15102	2.31869	2.08682	0.27800	1.08961	0.76272	0.27800	3.68630	0.55600	1.66800	1041.47000	1600
0.55700	6.05928	1660.06460	25	200	55	143.42123	508.49345	10	129.96668	334.20003	12	16	112.56225	113.42097	1.67100	0.27360	0.15048	2.31869	2.08682	0.27850	1.08852	0.76196	0.27850	3.68571	0.55700	1.67100	1041.47000	1600
0.55800	6.06068	1664.20888	25	200	55	143.93667	510.32092	10	130.30403	335.06752	12	16	112.84100	113.73874	1.67400	0.27262	0.14994	2.31869	2.08682	0.27900	1.08744	0.76120	0.27900	3.68512	0.55800	1.67400	1041.47000	1600
0.55900	6.06209	1668.36059	25	200	55	144.45303	512.15166	10	130.64200	335.93656	12	16	113.12025	114.05709	1.67700	0.27164	0.14940	2.31869	2.08682	0.27950	1.08636	0.76045	0.27950	3.68455	0.55900	1.67700	1041.47000	1600
0.56000	6.06352	1672.51973	25	200	55	144.97032	513.98569	10	130.98056	336.80716	12	16	113.40000	114.37600	1.68000	0.27067	0.14887	2.31869	2.08682	0.28000	1.08529	0.75970	0.28000	3.68398	0.56000	1.68000	1041.47000	1600
0.56100	6.06496	1676.68631	25	200	55	145.48854	515.82299	10	131.31973	337.67931	12	16	113.68025	114.69549	1.68300	0.26971	0.14834	2.31869	2.08682	0.28050	1.08422	0.75896	0.28050	3.68341	0.56100	1.68300	1041.47000	1600
0.56200	6.06641	1680.86032	25	200	55	146.00767	517.66357	10	131.65951	338.55303	12	16	113.96100	115.01554	1.68600	0.26875	0.14781	2.31869	2.08682	0.28100	1.08316	0.75821	0.28100	3.68285	0.56200	1.68600	1041.47000	1600
0.56300	6.06788	1685.04177	25	200	55	146.52774	519.50743	10	131.99989	339.42830	12	16	114.24225	115.33617	1.68900	0.26779	0.14729	2.31869	2.08682	0.28150	1.08211	0.75748	0.28150	3.68230	0.56300	1.68900	1041.47000	1600
0.56400	6.06936	1689.23065	25	200	55	147.04872	521.35457	10	132.34088	340.30512	12	16	114.52400	115.65736	1.69200	0.26685	0.14677	2.31869	2.08682	0.28200	1.08106	0.75674	0.28200	3.68175	0.56400	1.69200	1041.47000	1600
0.56500	6.07086	1693.42697	25	200	55	147.57064	523.20498	10	132.68247	341.18350	12	16	114.80625	115.97913	1.69500	0.26590	0.14625	2.31869	2.08682	0.28250	1.08002	0.75601	0.28250	3.68121	0.56500	1.69500	1041.47000	1600
0.56600	6.07236	1697.63072	25	200	55	148.09347	525.05867	10	133.02467	342.06344	12	16	115.08900	116.30146	1.69800	0.26496	0.14573	2.31869	2.08682	0.28300	1.07898	0.75529	0.28300	3.68067	0.56600	1.69800	1041.47000	1600
0.56700	6.07388	1701.84190	25	200	55	148.61723	526.91564	10	133.36748	342.94494	12	16	115.37225	116.62437	1.70100	0.26403	0.14522	2.31869	2.08682	0.28350	1.07795	0.75456	0.28350	3.68014	0.56700	1.70100	1041.47000	1600
0.56800	6.07542	1706.06052	25	200	55	149.14192	528.77589	10	133.71088	343.82799	12	16	115.65600	116.94784	1.70400	0.26310	0.14471	2.31869	2.08682	0.28400	1.07692	0.75385	0.28400	3.67961	0.56800	1.70400	1041.47000	1600
0.56900	6.07696	1710.28657	25	200	55	149.66753	530.63942	10	134.05490	344.71260	12	16	115.94025	117.27189	1.70700	0.26218	0.14420	2.31869	2.08682	0.28450	1.07590	0.75313	0.28450	3.67909	0.56900	1.70700	1041.47000	1600
0.57000	6.07852	1714.52006	25	200	55	150.19406	532.50622	10	134.39952	345.59876	12	16	116.22500	117.59650	1.71000	0.26126	0.14369	2.31869	2.08682	0.28500	1.07489	0.75242	0.28500	3.67857	0.57000	1.71000	1041.47000	1600
0.57100	6.08010	1718.76098	25	200	55	150.72152	534.37630	10	134.74474	346.48648	12	16	116.51025	117.92169	1.71300	0.26034	0.14319	2.31869	2.08682	0.28550	1.07387	0.75171	0.28550	3.67806	0.57100	1.71300	1041.47000	1600
0.57200	6.08168	1723.00934	25	200	55	151.24990	536.24966	10	135.09057	347.37576	12	16	116.79600	118.24744	1.71600	0.25943	0.14269	2.31869	2.08682	0.28600	1.07287	0.75101	0.28600	3.67756	0.57200	1.71600	1041.47000	1600
0.57300	6.08328	1727.26513	25	200	55	151.77921	538.12630	10	135.43701	348.26659	12	16	117.08225	118.57377	1.71900	0.25853	0.14219	2.31869	2.08682	0.28650	1.07187	0.75031	0.28650	3.67706	0.57300	1.71900	1041.47000	1600
0.57400	6.08489	1731.52835	25	200	55	152.30945	540.00621	10	135.78405	349.15898	12	16	117.36900	118.90066	1.72200	0.25763	0.14170	2.31869	2.08682	0.28700	1.07088	0.74961	0.28700	3.67656	0.57400	1.72200	1041.47000	1600
0.57500	6.08651	1735.79901	25	200	55	152.84060	541.88941	10	136.13169	350.05293	12	16	117.65625	119.22813	1.72500	0.25673	0.14120	2.31869	2.08682	0.28750	1.06989	0.74892	0.28750	3.67608	0.57500	1.72500	1041.47000	1600
0.57600	6.08815	1740.07710	25	200	55	153.37268	543.77588	10	136.47995	350.94843	12	16	117.94400	119.55616	1.72800	0.25584	0.14071	2.31869	2.08682	0.28800	1.06890	0.74823	0.28800	3.67559	0.57600	1.72800	1041.47000	1600
0.57700	6.08980	1744.36263	25	200	55	153.90569	545.66563	10	136.82880	351.84549	12	16	118.23225	119.88477	1.73100	0.25496	0.14023	2.31869	2.08682	0.28850	1.06792	0.74755	0.28850	3.67511	0.57700	1.73100	1041.47000	1600
0.57800	6.09146	1748.65559	25	200	55	154.43962	547.55866	10	137.17826	352.74411	12	16	118.52100	120.21394	1.73400	0.25408	0.13974	2.31869	2.08682	0.28900	1.06695	0.74686	0.28900	3.67464	0.57800	1.73400	1041.47000	1600
0.57900	6.09313	1752.95598	25	200	55	154.97448	549.45496	10	137.52833	353.64428	12	16	118.81025	120.54369	1.73700	0.25320	0.13926	2.31869	2.08682	0.28950	1.06598	0.74619	0.28950	3.67417	0.57900	1.73700	1041.47000	1600
0.58000	6.09481	1757.26381	25	200	55	155.51026	551.35455	10	137.87900	354.54601	12	16	119.10000	120.87400	1.74000	0.25233	0.13878	2.31869	2.08682	0.29000	1.06502	0.74551	0.29000	3.67371	0.58000	1.74000	1041.47000	1600
0.58100	6.09651	1761.57908	25	200	55	156.04696	553.25741	10	138.23028	355.44929	12	16	119.39025	121.20489	1.74300	0.25146	0.13830	2.31869	2.08682	0.29050	1.06406	0.74484	0.29050	3.67325	0.58100	1.74300	1041.47000	1600
0.58200	6.09822	1765.90177	25	200	55	156.58459	555.16355	10	138.58216	356.35413	12	16	119.68100	121.53634	1.74600	0.25060	0.13783	2.31869	2.08682	0.29100	1.06310	0.74417	0.29100	3.67279	0.58200	1.74600	1041.47000	1600
0.58300	6.09993	1770.23191	25	200	55	157.12314	557.07296	10	138.93465	357.26053	12	16	119.97225	121.86837	1.74900	0.24974	0.13735	2.31869	2.08682	0.29150	1.06215	0.74351	0.29150	3.67234	0.58300	1.74900	1041.47000	1600
0.58400	6.10167	1774.56947	25	200	55	157.66262	558.98566	10	139.28774	358.16849	12	16	120.26400	122.20096	1.75200	0.24888	0.13688	2.31869	2.08682	0.29200	1.06121	0.74285	0.29200	3.67190	0.58400	1.75200	1041.47000	1600
0.58500	6.10341	1778.91447	25	200	55	158.20302	560.90163	10	139.64144	359.07800	12	16	120.55625	122.53413	1.75500	0.24803	0.13642	2.31869	2.08682	0.29250	1.06027	0.74219	0.29250	3.67146	0.58500	1.75500	1041.47000	1600
0.58600	6.10516	1783.26691	25	200	55	158.74435	562.82089	10	139.99575	359.98906	12	16	120.84900	122.86786	1.75800	0.24719	0.13595	2.31869	2.08682	0.29300	1.05934	0.74154	0.29300	3.67103	0.58600	1.75800	1041.47000	1600
0.58700	6.10693	1787.62678	25	200	55	159.28660	564.74341	10	140.35066	360.90169	12	16	121.14225	123.20217	1.76100	0.24634	0.13549	2.31869	2.08682	0.29350	1.05841	0.74088	0.29350	3.67060	0.58700	1.76100	1041.47000	1600
0.58800	6.10871	1791.99408	25	200	55	159.82978	566.66922	10	140.70617	361.81587	12	16	121.43600	123.53704	1.76400	0.24551	0.13503	2.31869	2.08682	0.29400	1.05748	0.74024	0.29400	3.67017	0.58800	1.76400	1041.47000	1600
0.58900	6.11050	1796.36882	25	200	55	160.37388	568.59831	10	141.06229	362.73161	12	16	121.73025	123.87249	1.76700	0.24467	0.13457	2.31869	2.08682	0.29450	1.05656	0.73959	0.29450	3.66975	0.58900	1.76700	1041.47000	1600
0.59000	6.11229	1800.75099	25	200	55	160.91891	570.53067	10	141.41902	363.64890	12	16	122.02500	124.20850	1.77000	0.24385	0.13412	2.31869	2.08682	0.29500	1.05564	0.73895	0.29500	3.66933	0.59000	1.77000	1041.47000	1600
0.59100	6.11411	1805.14060	25	200	55	161.46486	572.46631	10	141.77635	364.56775	12	16	122.32025	124.54509	1.77300	0.24302	0.13366	2.31869	2.08682	0.29550	1.05473	0.73831	0.29550	3.66892	0.59100	1.77300	1041.47000	1600
0.59200	6.11593	1809.53764	25	200	55	162.01173	574.40523	10	142.13428	365.48815	12	16	122.61600	124.88224	1.77600	0.24220	0.13321	2.31869	2.08682	0.29600	1.05383	0.73768	0.29600	3.66852	0.59200	1.77600	1041.47000	1600
0.59300	6.11776	1813.94211	25	200	55	162.55953	576.34743	10	142.49282	366.41012	12	16	122.91225	125.21997	1.77900	0.24138	0.13276	2.31869	2.08682	0.29650	1.05293	0.73705	0.29650	3.66811	0.59300	1.77900	1041.47000	1600
0.59400	6.11960	1818.35402	25	200	55	163.10825	578.29290	10	142.85197	367.33363	12	16	123.20900	125.55826	1.78200	0.24057	0.13231	2.31869	2.08682	0.29700	1.05203	0.73642	0.29700	3.66772	0.59400	1.78200	1041.47000	1600
0.59500	6.12146	1822.77337	25	200	55	163.65790	580.24166	10	143.21172	368.25871	12	16	123.50625	125.89713	1.78500	0.23976	0.13187	2.31869	2.08682	0.29750	1.05114	0.73579	0.29750	3.66732	0.59500	1.78500	1041.47000	1600
0.59600	6.12333	1827.20014	25	200	55	164.20848	582.19369	10	143.57208	369.18534	12	16	123.80400	126.23656	1.78800	0.23896	0.13143	2.31869	2.08682	0.29800	1.05025	0.73517	0.29800	3.66694	0.59600	1.78800	1041.47000	1600
0.59700	6.12520	1831.63435	25	200	55	164.75997	584.14900	10	143.93304	370.11353	12	16	124.10225	126.57657	1.79100	0.23816	0.13099	2.31869	2.08682	0.29850	1.04936	0.73455	0.29850	3.66655	0.59700	1.79100	1041.47000	1600
0.59800	6.12709	1836.07600	25	200	55	165.31240	586.10758	10	144.29461	371.04327	12	16	124.40100	126.91714	1.79400	0.23736	0.13055	2.31869	2.08682	0.29900	1.04848	0.73394	0.29900	3.66617	0.59800	1.79400	1041.47000	1600
0.59900	6.12899	1840.52508	25	200	55	165.86574	588.06945	10	144.65678	371.97458	12	16	124.70025	127.25829	1.79700	0.23657	0.13012	2.31869	2.08682	0.29950	1.04761	0.73333	0.29950	3.66580	0.59900	1.79700	1041.47000	1600
0.60000	6.13089	1844.98159	25	200	55	166.42001	590.03459	10	145.01956	372.90743	12	16	125.00000	127.60000	1.80000	0.23579	0.12968	2.31869	2.08682	0.30000	1.04674	0.73272	0.30000	3.66543	0.60000	1.80000	1041.47000	1600
