d_m	L_m	m_m	m_ogive	m_equipement	m_payload	m_engine_housing	m_nozzle	m_Tails	m_cruise_prop	m_cruise_res	m_acc_prop	m_acc_res	m_AirIntakes	m_Wings	L_ogive	L_equipement	L_payload	L_engine_housing	L_nozzle	L_cruise_res	L_acc_res	L_cruise_prop	L_acc_prop	L_AirIntakes	L_Tails	L_Wings	Impulsion sp√©cifique	Masse volumique
0.20000	8.80674	626.54278	25	55	200	10	12	16	48.63809	13.71843	118.64611	46.14015	45.00000	36.40000	0.60000	1.16714	2.12207	0.10000	0.10000	1.72022	2.99732	1.54820	2.09812	4.81754	0.20000	1.72022	1403.80000	1000
0.20100	8.75481	627.74129	25	55	200	10	12	16	49.12568	13.85596	118.90448	46.24063	45.10025	36.51429	0.60300	1.15555	2.10100	0.10050	0.10050	1.72022	2.97403	1.54820	2.08182	4.79475	0.20100	1.72022	1403.80000	1000
0.20200	8.70370	628.94578	25	55	200	10	12	16	49.61571	13.99418	119.16414	46.34161	45.20100	36.62914	0.60600	1.14414	2.08025	0.10100	0.10100	1.72022	2.95109	1.54820	2.06576	4.77231	0.20200	1.72022	1403.80000	1000
0.20300	8.65341	630.15625	25	55	200	10	12	16	50.10817	14.13307	119.42509	46.44309	45.30225	36.74457	0.60900	1.13289	2.05981	0.10150	0.10150	1.72022	2.92849	1.54820	2.04994	4.75021	0.20300	1.72022	1403.80000	1000
0.20400	8.60391	631.37270	25	55	200	10	12	16	50.60307	14.27266	119.68734	46.54508	45.40400	36.86056	0.61200	1.12181	2.03966	0.10200	0.10200	1.72022	2.90621	1.54820	2.03435	4.72843	0.20400	1.72022	1403.80000	1000
0.20500	8.55520	632.59512	25	55	200	10	12	16	51.10039	14.41293	119.95087	46.64756	45.50625	36.97713	0.61500	1.11090	2.01981	0.10250	0.10250	1.72022	2.88427	1.54820	2.01899	4.70699	0.20500	1.72022	1403.80000	1000
0.20600	8.50725	633.82353	25	55	200	10	12	16	51.60015	14.55389	120.21569	46.75055	45.60900	37.09426	0.61800	1.10014	2.00025	0.10300	0.10300	1.72022	2.86264	1.54820	2.00385	4.68586	0.20600	1.72022	1403.80000	1000
0.20700	8.46005	635.05792	25	55	200	10	12	16	52.10234	14.69553	120.48180	46.85403	45.71225	37.21196	0.62100	1.08953	1.98097	0.10350	0.10350	1.72022	2.84132	1.54820	1.98892	4.66504	0.20700	1.72022	1403.80000	1000
0.20800	8.41358	636.29828	25	55	200	10	12	16	52.60696	14.83786	120.74920	46.95802	45.81600	37.33024	0.62400	1.07908	1.96197	0.10400	0.10400	1.72022	2.82031	1.54820	1.97422	4.64453	0.20800	1.72022	1403.80000	1000
0.20900	8.36785	637.54463	25	55	200	10	12	16	53.11401	14.98087	121.01790	47.06251	45.92025	37.44909	0.62700	1.06878	1.94324	0.10450	0.10450	1.72022	2.79960	1.54820	1.95972	4.62432	0.20900	1.72022	1403.80000	1000
0.21000	8.32281	638.79695	25	55	200	10	12	16	53.62349	15.12457	121.28788	47.16751	46.02500	37.56850	0.63000	1.05863	1.92478	0.10500	0.10500	1.72022	2.77919	1.54820	1.94543	4.60441	0.21000	1.72022	1403.80000	1000
0.21100	8.27848	640.05525	25	55	200	10	12	16	54.13541	15.26896	121.55915	47.27300	46.13025	37.68849	0.63300	1.04862	1.90658	0.10550	0.10550	1.72022	2.75907	1.54820	1.93135	4.58479	0.21100	1.72022	1403.80000	1000
0.21200	8.23483	641.31954	25	55	200	10	12	16	54.64976	15.41403	121.83171	47.37900	46.23600	37.80904	0.63600	1.03875	1.88863	0.10600	0.10600	1.72022	2.73923	1.54820	1.91746	4.56545	0.21200	1.72022	1403.80000	1000
0.21300	8.19184	642.58980	25	55	200	10	12	16	55.16653	15.55979	122.10556	47.48550	46.34225	37.93017	0.63900	1.02902	1.87094	0.10650	0.10650	1.72022	2.71967	1.54820	1.90377	4.54639	0.21300	1.72022	1403.80000	1000
0.21400	8.14952	643.86604	25	55	200	10	12	16	55.68575	15.70624	122.38070	47.59250	46.44900	38.05186	0.64200	1.01942	1.85349	0.10700	0.10700	1.72022	2.70038	1.54820	1.89027	4.52760	0.21400	1.72022	1403.80000	1000
0.21500	8.10784	645.14826	25	55	200	10	12	16	56.20739	15.85337	122.65713	47.70000	46.55625	38.17413	0.64500	1.00996	1.83629	0.10750	0.10750	1.72022	2.68136	1.54820	1.87695	4.50908	0.21500	1.72022	1403.80000	1000
0.21600	8.06679	646.43646	25	55	200	10	12	16	56.73147	16.00118	122.93486	47.80800	46.66400	38.29696	0.64800	1.00063	1.81933	0.10800	0.10800	1.72022	2.66261	1.54820	1.86383	4.49083	0.21600	1.72022	1403.80000	1000
0.21700	8.02636	647.73064	25	55	200	10	12	16	57.25797	16.14968	123.21387	47.91650	46.77225	38.42037	0.65100	0.99143	1.80260	0.10850	0.10850	1.72022	2.64411	1.54820	1.85088	4.47283	0.21700	1.72022	1403.80000	1000
0.21800	7.98654	649.03080	25	55	200	10	12	16	57.78691	16.29887	123.49417	48.02551	46.88100	38.54434	0.65400	0.98236	1.78610	0.10900	0.10900	1.72022	2.62587	1.54820	1.83811	4.45509	0.21800	1.72022	1403.80000	1000
0.21900	7.94733	650.33694	25	55	200	10	12	16	58.31828	16.44875	123.77576	48.13502	46.99025	38.66889	0.65700	0.97340	1.76983	0.10950	0.10950	1.72022	2.60788	1.54820	1.82551	4.43760	0.21900	1.72022	1403.80000	1000
0.22000	7.90870	651.64906	25	55	200	10	12	16	58.85209	16.59931	124.05864	48.24503	47.10000	38.79400	0.66000	0.96458	1.75377	0.11000	0.11000	1.72022	2.59013	1.54820	1.81309	4.42035	0.22000	1.72022	1403.80000	1000
0.22100	7.87064	652.96716	25	55	200	10	12	16	59.38832	16.75055	124.34281	48.35554	47.21025	38.91969	0.66300	0.95587	1.73794	0.11050	0.11050	1.72022	2.57262	1.54820	1.80083	4.40334	0.22100	1.72022	1403.80000	1000
0.22200	7.83316	654.29123	25	55	200	10	12	16	59.92699	16.90248	124.62827	48.46655	47.32100	39.04594	0.66600	0.94727	1.72232	0.11100	0.11100	1.72022	2.55535	1.54820	1.78874	4.38657	0.22200	1.72022	1403.80000	1000
0.22300	7.79623	655.62129	25	55	200	10	12	16	60.46809	17.05510	124.91502	48.57806	47.43225	39.17277	0.66900	0.93880	1.70690	0.11150	0.11150	1.72022	2.53831	1.54820	1.77682	4.37003	0.22300	1.72022	1403.80000	1000
0.22400	7.75985	656.95733	25	55	200	10	12	16	61.01162	17.20840	125.20306	48.69008	47.54400	39.30016	0.67200	0.93043	1.69170	0.11200	0.11200	1.72022	2.52150	1.54820	1.76505	4.35372	0.22400	1.72022	1403.80000	1000
0.22500	7.72401	658.29934	25	55	200	10	12	16	61.55758	17.36239	125.49240	48.80260	47.65625	39.42813	0.67500	0.92218	1.67669	0.11250	0.11250	1.72022	2.50491	1.54820	1.75344	4.33763	0.22500	1.72022	1403.80000	1000
0.22600	7.68869	659.64734	25	55	200	10	12	16	62.10597	17.51707	125.78302	48.91562	47.76900	39.55666	0.67800	0.91404	1.66189	0.11300	0.11300	1.72022	2.48854	1.54820	1.74198	4.32176	0.22600	1.72022	1403.80000	1000
0.22700	7.65389	661.00131	25	55	200	10	12	16	62.65680	17.67243	126.07493	49.02914	47.88225	39.68577	0.68100	0.90600	1.64728	0.11350	0.11350	1.72022	2.47239	1.54820	1.73067	4.30611	0.22700	1.72022	1403.80000	1000
0.22800	7.61960	662.36127	25	55	200	10	12	16	63.21006	17.82848	126.36813	49.14316	47.99600	39.81544	0.68400	0.89807	1.63286	0.11400	0.11400	1.72022	2.45645	1.54820	1.71951	4.29067	0.22800	1.72022	1403.80000	1000
0.22900	7.58581	663.72720	25	55	200	10	12	16	63.76575	17.98521	126.66262	49.25769	48.11025	39.94569	0.68700	0.89025	1.61863	0.11450	0.11450	1.72022	2.44072	1.54820	1.70850	4.27544	0.22900	1.72022	1403.80000	1000
0.23000	7.55252	665.09912	25	55	200	10	12	16	64.32387	18.14263	126.95840	49.37271	48.22500	40.07650	0.69000	0.88252	1.60459	0.11500	0.11500	1.72022	2.42519	1.54820	1.69763	4.26041	0.23000	1.72022	1403.80000	1000
0.23100	7.51970	666.47701	25	55	200	10	12	16	64.88442	18.30074	127.25548	49.48824	48.34025	40.20789	0.69300	0.87490	1.59072	0.11550	0.11550	1.72022	2.40986	1.54820	1.68690	4.24558	0.23100	1.72022	1403.80000	1000
0.23200	7.48737	667.86088	25	55	200	10	12	16	65.44741	18.45953	127.55384	49.60427	48.45600	40.33984	0.69600	0.86737	1.57704	0.11600	0.11600	1.72022	2.39473	1.54820	1.67631	4.23095	0.23200	1.72022	1403.80000	1000
0.23300	7.45550	669.25074	25	55	200	10	12	16	66.01283	18.61900	127.85349	49.72080	48.57225	40.47237	0.69900	0.85994	1.56353	0.11650	0.11650	1.72022	2.37980	1.54820	1.66586	4.21652	0.23300	1.72022	1403.80000	1000
0.23400	7.42408	670.64657	25	55	200	10	12	16	66.58068	18.77917	128.15443	49.83783	48.68900	40.60546	0.70200	0.85261	1.55020	0.11700	0.11700	1.72022	2.36506	1.54820	1.65554	4.20228	0.23400	1.72022	1403.80000	1000
0.23500	7.39312	672.04838	25	55	200	10	12	16	67.15096	18.94001	128.45666	49.95537	48.80625	40.73913	0.70500	0.84537	1.53703	0.11750	0.11750	1.72022	2.35050	1.54820	1.64535	4.18822	0.23500	1.72022	1403.80000	1000
0.23600	7.36261	673.45617	25	55	200	10	12	16	67.72367	19.10155	128.76019	50.07341	48.92400	40.87336	0.70800	0.83822	1.52403	0.11800	0.11800	1.72022	2.33613	1.54820	1.63529	4.17435	0.23600	1.72022	1403.80000	1000
0.23700	7.33252	674.86995	25	55	200	10	12	16	68.29882	19.26377	129.06500	50.19194	49.04225	41.00817	0.71100	0.83116	1.51120	0.11850	0.11850	1.72022	2.32194	1.54820	1.62536	4.16066	0.23700	1.72022	1403.80000	1000
0.23800	7.30287	676.28970	25	55	200	10	12	16	68.87640	19.42668	129.37110	50.31098	49.16100	41.14354	0.71400	0.82419	1.49853	0.11900	0.11900	1.72022	2.30793	1.54820	1.61555	4.14715	0.23800	1.72022	1403.80000	1000
0.23900	7.27364	677.71543	25	55	200	10	12	16	69.45641	19.59027	129.67849	50.43053	49.28025	41.27949	0.71700	0.81731	1.48601	0.11950	0.11950	1.72022	2.29410	1.54820	1.60587	4.13382	0.23900	1.72022	1403.80000	1000
0.24000	7.24482	679.14714	25	55	200	10	12	16	70.03885	19.75455	129.98718	50.55057	49.40000	41.41600	0.72000	0.81051	1.47366	0.12000	0.12000	1.72022	2.28043	1.54820	1.59630	4.12065	0.24000	1.72022	1403.80000	1000
0.24100	7.21641	680.58483	25	55	200	10	12	16	70.62372	19.91951	130.29715	50.67111	49.52025	41.55309	0.72300	0.80380	1.46145	0.12050	0.12050	1.72022	2.26694	1.54820	1.58686	4.10766	0.24100	1.72022	1403.80000	1000
0.24200	7.18841	682.02850	25	55	200	10	12	16	71.21102	20.08516	130.60841	50.79216	49.64100	41.69074	0.72600	0.79717	1.44940	0.12100	0.12100	1.72022	2.25362	1.54820	1.57753	4.09484	0.24200	1.72022	1403.80000	1000
0.24300	7.16079	683.47815	25	55	200	10	12	16	71.80076	20.25150	130.92097	50.91371	49.76225	41.82897	0.72900	0.79062	1.43749	0.12150	0.12150	1.72022	2.24046	1.54820	1.56832	4.08218	0.24300	1.72022	1403.80000	1000
0.24400	7.13357	684.93378	25	55	200	10	12	16	72.39293	20.41852	131.23481	51.03576	49.88400	41.96776	0.73200	0.78415	1.42574	0.12200	0.12200	1.72022	2.22746	1.54820	1.55922	4.06968	0.24400	1.72022	1403.80000	1000
0.24500	7.10672	686.39539	25	55	200	10	12	16	72.98753	20.58623	131.54995	51.15831	50.00625	42.10713	0.73500	0.77777	1.41412	0.12250	0.12250	1.72022	2.21461	1.54820	1.55023	4.05733	0.24500	1.72022	1403.80000	1000
0.24600	7.08025	687.86298	25	55	200	10	12	16	73.58456	20.75462	131.86637	51.28137	50.12900	42.24706	0.73800	0.77146	1.40265	0.12300	0.12300	1.72022	2.20193	1.54820	1.54135	4.04515	0.24600	1.72022	1403.80000	1000
0.24700	7.05415	689.33655	25	55	200	10	12	16	74.18403	20.92370	132.18408	51.40492	50.25225	42.38757	0.74100	0.76522	1.39131	0.12350	0.12350	1.72022	2.18940	1.54820	1.53258	4.03312	0.24700	1.72022	1403.80000	1000
0.24800	7.02842	690.81610	25	55	200	10	12	16	74.78592	21.09347	132.50309	51.52898	50.37600	42.52864	0.74400	0.75906	1.38012	0.12400	0.12400	1.72022	2.17702	1.54820	1.52391	4.02124	0.24800	1.72022	1403.80000	1000
0.24900	7.00304	692.30163	25	55	200	10	12	16	75.39025	21.26392	132.82338	51.65354	50.50025	42.67029	0.74700	0.75298	1.36905	0.12450	0.12450	1.72022	2.16479	1.54820	1.51535	4.00951	0.24900	1.72022	1403.80000	1000
0.25000	6.97801	693.79313	25	55	200	10	12	16	75.99701	21.43505	133.14497	51.77860	50.62500	42.81250	0.75000	0.74697	1.35812	0.12500	0.12500	1.72022	2.15270	1.54820	1.50689	3.99792	0.25000	1.72022	1403.80000	1000
0.25100	6.95333	695.29062	25	55	200	10	12	16	76.60620	21.60688	133.46784	51.90416	50.75025	42.95529	0.75300	0.74103	1.34732	0.12550	0.12550	1.72022	2.14076	1.54820	1.49853	3.98648	0.25100	1.72022	1403.80000	1000
0.25200	6.92899	696.79409	25	55	200	10	12	16	77.21783	21.77939	133.79201	52.03023	50.87600	43.09864	0.75600	0.73516	1.33665	0.12600	0.12600	1.72022	2.12897	1.54820	1.49028	3.97519	0.25200	1.72022	1403.80000	1000
0.25300	6.90499	698.30354	25	55	200	10	12	16	77.83188	21.95258	134.11747	52.15679	51.00225	43.24257	0.75900	0.72936	1.32610	0.12650	0.12650	1.72022	2.11731	1.54820	1.48212	3.96403	0.25300	1.72022	1403.80000	1000
0.25400	6.88132	699.81897	25	55	200	10	12	16	78.44837	22.12646	134.44421	52.28386	51.12900	43.38706	0.76200	0.72363	1.31568	0.12700	0.12700	1.72022	2.10579	1.54820	1.47405	3.95301	0.25400	1.72022	1403.80000	1000
0.25500	6.85797	701.34037	25	55	200	10	12	16	79.06729	22.30103	134.77225	52.41143	51.25625	43.53213	0.76500	0.71796	1.30538	0.12750	0.12750	1.72022	2.09440	1.54820	1.46608	3.94212	0.25500	1.72022	1403.80000	1000
0.25600	6.83494	702.86776	25	55	200	10	12	16	79.68864	22.47628	135.10157	52.53950	51.38400	43.67776	0.76800	0.71236	1.29521	0.12800	0.12800	1.72022	2.08315	1.54820	1.45820	3.93137	0.25600	1.72022	1403.80000	1000
0.25700	6.81222	704.40113	25	55	200	10	12	16	80.31243	22.65222	135.43219	52.66807	51.51225	43.82397	0.77100	0.70683	1.28515	0.12850	0.12850	1.72022	2.07203	1.54820	1.45042	3.92075	0.25700	1.72022	1403.80000	1000
0.25800	6.78982	705.94048	25	55	200	10	12	16	80.93864	22.82885	135.76410	52.79715	51.64100	43.97074	0.77400	0.70136	1.27520	0.12900	0.12900	1.72022	2.06103	1.54820	1.44272	3.91025	0.25800	1.72022	1403.80000	1000
0.25900	6.76772	707.48581	25	55	200	10	12	16	81.56729	23.00616	136.09730	52.92673	51.77025	44.11809	0.77700	0.69596	1.26538	0.12950	0.12950	1.72022	2.05017	1.54820	1.43512	3.89989	0.25900	1.72022	1403.80000	1000
0.26000	6.74592	709.03711	25	55	200	10	12	16	82.19837	23.18416	136.43178	53.05681	51.90000	44.26600	0.78000	0.69061	1.25566	0.13000	0.13000	1.72022	2.03943	1.54820	1.42760	3.88965	0.26000	1.72022	1403.80000	1000
0.26100	6.72442	710.59440	25	55	200	10	12	16	82.83188	23.36284	136.76756	53.18739	52.03025	44.41449	0.78300	0.68533	1.24606	0.13050	0.13050	1.72022	2.02881	1.54820	1.42017	3.87953	0.26100	1.72022	1403.80000	1000
0.26200	6.70321	712.15767	25	55	200	10	12	16	83.46782	23.54221	137.10463	53.31847	52.16100	44.56354	0.78600	0.68011	1.23656	0.13100	0.13100	1.72022	2.01832	1.54820	1.41282	3.86954	0.26200	1.72022	1403.80000	1000
0.26300	6.68229	713.72691	25	55	200	10	12	16	84.10620	23.72226	137.44299	53.45005	52.29225	44.71317	0.78900	0.67495	1.22718	0.13150	0.13150	1.72022	2.00794	1.54820	1.40556	3.85966	0.26300	1.72022	1403.80000	1000
0.26400	6.66164	715.30214	25	55	200	10	12	16	84.74700	23.90300	137.78264	53.58214	52.42400	44.86336	0.79200	0.66984	1.21790	0.13200	0.13200	1.72022	1.99768	1.54820	1.39838	3.84990	0.26400	1.72022	1403.80000	1000
0.26500	6.64128	716.88335	25	55	200	10	12	16	85.39024	24.08443	138.12358	53.71472	52.55625	45.01413	0.79500	0.66480	1.20872	0.13250	0.13250	1.72022	1.98754	1.54820	1.39128	3.84026	0.26500	1.72022	1403.80000	1000
0.26600	6.62119	718.47054	25	55	200	10	12	16	86.03591	24.26654	138.46581	53.84781	52.68900	45.16546	0.79800	0.65981	1.19965	0.13300	0.13300	1.72022	1.97751	1.54820	1.38426	3.83073	0.26600	1.72022	1403.80000	1000
0.26700	6.60137	720.06370	25	55	200	10	12	16	86.68402	24.44934	138.80933	53.98141	52.82225	45.31737	0.80100	0.65488	1.19068	0.13350	0.13350	1.72022	1.96759	1.54820	1.37732	3.82132	0.26700	1.72022	1403.80000	1000
0.26800	6.58182	721.66285	25	55	200	10	12	16	87.33455	24.63282	139.15414	54.11550	52.95600	45.46984	0.80400	0.65000	1.18181	0.13400	0.13400	1.72022	1.95779	1.54820	1.37045	3.81201	0.26800	1.72022	1403.80000	1000
0.26900	6.56253	723.26798	25	55	200	10	12	16	87.98752	24.81699	139.50024	54.25009	53.09025	45.62289	0.80700	0.64517	1.17304	0.13450	0.13450	1.72022	1.94809	1.54820	1.36367	3.80281	0.26900	1.72022	1403.80000	1000
0.27000	6.54350	724.87908	25	55	200	10	12	16	88.64291	25.00185	139.84763	54.38519	53.22500	45.77650	0.81000	0.64040	1.16437	0.13500	0.13500	1.72022	1.93851	1.54820	1.35695	3.79373	0.27000	1.72022	1403.80000	1000
0.27100	6.52472	726.49617	25	55	200	10	12	16	89.30074	25.18739	140.19631	54.52079	53.36025	45.93069	0.81300	0.63569	1.15579	0.13550	0.13550	1.72022	1.92902	1.54820	1.35032	3.78474	0.27100	1.72022	1403.80000	1000
0.27200	6.50620	728.11924	25	55	200	10	12	16	89.96101	25.37362	140.54628	54.65689	53.49600	46.08544	0.81600	0.63102	1.14731	0.13600	0.13600	1.72022	1.91965	1.54820	1.34375	3.77587	0.27200	1.72022	1403.80000	1000
0.27300	6.48792	729.74828	25	55	200	10	12	16	90.62370	25.56053	140.89755	54.79349	53.63225	46.24077	0.81900	0.62641	1.13892	0.13650	0.13650	1.72022	1.91037	1.54820	1.33726	3.76709	0.27300	1.72022	1403.80000	1000
0.27400	6.46988	731.38331	25	55	200	10	12	16	91.28883	25.74813	141.25010	54.93059	53.76900	46.39666	0.82200	0.62184	1.13062	0.13700	0.13700	1.72022	1.90120	1.54820	1.33084	3.75842	0.27400	1.72022	1403.80000	1000
0.27500	6.45209	733.02432	25	55	200	10	12	16	91.95638	25.93642	141.60394	55.06820	53.90625	46.55313	0.82500	0.61733	1.12242	0.13750	0.13750	1.72022	1.89212	1.54820	1.32449	3.74984	0.27500	1.72022	1403.80000	1000
0.27600	6.43453	734.67131	25	55	200	10	12	16	92.62637	26.12539	141.95908	55.20631	54.04400	46.71016	0.82800	0.61286	1.11430	0.13800	0.13800	1.72022	1.88315	1.54820	1.31820	3.74137	0.27600	1.72022	1403.80000	1000
0.27700	6.41720	736.32427	25	55	200	10	12	16	93.29880	26.31504	142.31550	55.34492	54.18225	46.86777	0.83100	0.60845	1.10627	0.13850	0.13850	1.72022	1.87427	1.54820	1.31199	3.73299	0.27700	1.72022	1403.80000	1000
0.27800	6.40011	737.98322	25	55	200	10	12	16	93.97365	26.50539	142.67321	55.48403	54.32100	47.02594	0.83400	0.60408	1.09832	0.13900	0.13900	1.72022	1.86549	1.54820	1.30584	3.72471	0.27800	1.72022	1403.80000	1000
0.27900	6.38324	739.64815	25	55	200	10	12	16	94.65093	26.69642	143.03222	55.62364	54.46025	47.18469	0.83700	0.59975	1.09046	0.13950	0.13950	1.72022	1.85680	1.54820	1.29976	3.71652	0.27900	1.72022	1403.80000	1000
0.28000	6.36659	741.31905	25	55	200	10	12	16	95.33065	26.88813	143.39251	55.76376	54.60000	47.34400	0.84000	0.59548	1.08269	0.14000	0.14000	1.72022	1.84820	1.54820	1.29374	3.70842	0.28000	1.72022	1403.80000	1000
0.28100	6.35016	742.99594	25	55	200	10	12	16	96.01280	27.08053	143.75410	55.90437	54.74025	47.50389	0.84300	0.59125	1.07499	0.14050	0.14050	1.72022	1.83970	1.54820	1.28779	3.70042	0.28100	1.72022	1403.80000	1000
0.28200	6.33395	744.67881	25	55	200	10	12	16	96.69738	27.27362	144.11698	56.04549	54.88100	47.66434	0.84600	0.58706	1.06738	0.14100	0.14100	1.72022	1.83129	1.54820	1.28190	3.69251	0.28200	1.72022	1403.80000	1000
0.28300	6.31796	746.36766	25	55	200	10	12	16	97.38439	27.46739	144.48114	56.18711	55.02225	47.82537	0.84900	0.58292	1.05985	0.14150	0.14150	1.72022	1.82296	1.54820	1.27607	3.68468	0.28300	1.72022	1403.80000	1000
0.28400	6.30217	748.06248	25	55	200	10	12	16	98.07384	27.66185	144.84660	56.32923	55.16400	47.98696	0.85200	0.57882	1.05240	0.14200	0.14200	1.72022	1.81473	1.54820	1.27031	3.67695	0.28400	1.72022	1403.80000	1000
0.28500	6.28660	749.76329	25	55	200	10	12	16	98.76572	27.85700	145.21335	56.47186	55.30625	48.14913	0.85500	0.57477	1.04503	0.14250	0.14250	1.72022	1.80658	1.54820	1.26460	3.66930	0.28500	1.72022	1403.80000	1000
0.28600	6.27122	751.47008	25	55	200	10	12	16	99.46003	28.05283	145.58138	56.61498	55.44900	48.31186	0.85800	0.57075	1.03774	0.14300	0.14300	1.72022	1.79851	1.54820	1.25896	3.66173	0.28600	1.72022	1403.80000	1000
0.28700	6.25605	753.18285	25	55	200	10	12	16	100.15677	28.24934	145.95071	56.75861	55.59225	48.47517	0.86100	0.56678	1.03052	0.14350	0.14350	1.72022	1.79053	1.54820	1.25337	3.65425	0.28700	1.72022	1403.80000	1000
0.28800	6.24108	754.90160	25	55	200	10	12	16	100.85594	28.44655	146.32133	56.90274	55.73600	48.63904	0.86400	0.56286	1.02337	0.14400	0.14400	1.72022	1.78263	1.54820	1.24784	3.64685	0.28800	1.72022	1403.80000	1000
0.28900	6.22631	756.62632	25	55	200	10	12	16	101.55754	28.64444	146.69324	57.04737	55.88025	48.80349	0.86700	0.55897	1.01630	0.14450	0.14450	1.72022	1.77482	1.54820	1.24237	3.63954	0.28900	1.72022	1403.80000	1000
0.29000	6.21173	758.35703	25	55	200	10	12	16	102.26158	28.84301	147.06644	57.19250	56.02500	48.96850	0.87000	0.55512	1.00931	0.14500	0.14500	1.72022	1.76708	1.54820	1.23696	3.63230	0.29000	1.72022	1403.80000	1000
0.29100	6.19734	760.09372	25	55	200	10	12	16	102.96805	29.04227	147.44093	57.33814	56.17025	49.13409	0.87300	0.55131	1.00238	0.14550	0.14550	1.72022	1.75943	1.54820	1.23160	3.62515	0.29100	1.72022	1403.80000	1000
0.29200	6.18314	761.83639	25	55	200	10	12	16	103.67695	29.24222	147.81671	57.48428	56.31600	49.30024	0.87600	0.54754	0.99553	0.14600	0.14600	1.72022	1.75185	1.54820	1.22630	3.61807	0.29200	1.72022	1403.80000	1000
0.29300	6.16913	763.58504	25	55	200	10	12	16	104.38828	29.44285	148.19378	57.63091	56.46225	49.46697	0.87900	0.54381	0.98874	0.14650	0.14650	1.72022	1.74435	1.54820	1.22105	3.61107	0.29300	1.72022	1403.80000	1000
0.29400	6.15529	765.33967	25	55	200	10	12	16	105.10204	29.64417	148.57214	57.77806	56.60900	49.63426	0.88200	0.54012	0.98203	0.14700	0.14700	1.72022	1.73693	1.54820	1.21585	3.60415	0.29400	1.72022	1403.80000	1000
0.29500	6.14165	767.10028	25	55	200	10	12	16	105.81824	29.84617	148.95179	57.92570	56.75625	49.80213	0.88500	0.53646	0.97538	0.14750	0.14750	1.72022	1.72958	1.54820	1.21071	3.59730	0.29500	1.72022	1403.80000	1000
0.29600	6.12817	768.86687	25	55	200	10	12	16	106.53687	30.04886	149.33274	58.07384	56.90400	49.97056	0.88800	0.53284	0.96880	0.14800	0.14800	1.72022	1.72231	1.54820	1.20562	3.59053	0.29600	1.72022	1403.80000	1000
0.29700	6.11488	770.63944	25	55	200	10	12	16	107.25793	30.25224	149.71497	58.22249	57.05225	50.13957	0.89100	0.52926	0.96229	0.14850	0.14850	1.72022	1.71511	1.54820	1.20058	3.58383	0.29700	1.72022	1403.80000	1000
0.29800	6.10176	772.41798	25	55	200	10	12	16	107.98142	30.45630	150.09849	58.37164	57.20100	50.30914	0.89400	0.52571	0.95584	0.14900	0.14900	1.72022	1.70798	1.54820	1.19559	3.57720	0.29800	1.72022	1403.80000	1000
0.29900	6.08881	774.20251	25	55	200	10	12	16	108.70734	30.66105	150.48331	58.52129	57.35025	50.47929	0.89700	0.52220	0.94946	0.14950	0.14950	1.72022	1.70093	1.54820	1.19065	3.57065	0.29900	1.72022	1403.80000	1000
0.30000	6.07603	775.99302	25	55	200	10	12	16	109.43570	30.86648	150.86941	58.67144	57.50000	50.65000	0.90000	0.51873	0.94314	0.15000	0.15000	1.72022	1.69394	1.54820	1.18576	3.56416	0.30000	1.72022	1403.80000	1000
0.30100	6.06342	777.78951	25	55	200	10	12	16	110.16648	31.07260	151.25681	58.82209	57.65025	50.82129	0.90300	0.51529	0.93688	0.15050	0.15050	1.72022	1.68702	1.54820	1.18092	3.55775	0.30100	1.72022	1403.80000	1000
0.30200	6.05097	779.59198	25	55	200	10	12	16	110.89970	31.27940	151.64549	58.97325	57.80100	50.99314	0.90600	0.51188	0.93069	0.15100	0.15100	1.72022	1.68018	1.54820	1.17612	3.55140	0.30200	1.72022	1403.80000	1000
0.30300	6.03868	781.40044	25	55	200	10	12	16	111.63535	31.48689	152.03547	59.12490	57.95225	51.16557	0.90900	0.50851	0.92456	0.15150	0.15150	1.72022	1.67340	1.54820	1.17138	3.54512	0.30300	1.72022	1403.80000	1000
0.30400	6.02656	783.21487	25	55	200	10	12	16	112.37344	31.69507	152.42673	59.27706	58.10400	51.33856	0.91200	0.50517	0.91848	0.15200	0.15200	1.72022	1.66669	1.54820	1.16668	3.53891	0.30400	1.72022	1403.80000	1000
0.30500	6.01459	785.03528	25	55	200	10	12	16	113.11395	31.90394	152.81929	59.42972	58.25625	51.51213	0.91500	0.50186	0.91247	0.15250	0.15250	1.72022	1.66004	1.54820	1.16203	3.53276	0.30500	1.72022	1403.80000	1000
0.30600	6.00278	786.86167	25	55	200	10	12	16	113.85690	32.11348	153.21314	59.58289	58.40900	51.68626	0.91800	0.49858	0.90652	0.15300	0.15300	1.72022	1.65346	1.54820	1.15742	3.52668	0.30600	1.72022	1403.80000	1000
0.30700	5.99112	788.69404	25	55	200	10	12	16	114.60228	32.32372	153.60828	59.73655	58.56225	51.86097	0.92100	0.49534	0.90062	0.15350	0.15350	1.72022	1.64694	1.54820	1.15286	3.52066	0.30700	1.72022	1403.80000	1000
0.30800	5.97962	790.53239	25	55	200	10	12	16	115.35009	32.53464	154.00470	59.89072	58.71600	52.03624	0.92400	0.49213	0.89478	0.15400	0.15400	1.72022	1.64048	1.54820	1.14834	3.51470	0.30800	1.72022	1403.80000	1000
0.30900	5.96826	792.37672	25	55	200	10	12	16	116.10033	32.74625	154.40242	60.04539	58.87025	52.21209	0.92700	0.48895	0.88900	0.15450	0.15450	1.72022	1.63409	1.54820	1.14386	3.50881	0.30900	1.72022	1403.80000	1000
0.31000	5.95706	794.22703	25	55	200	10	12	16	116.85301	32.95854	154.80143	60.20056	59.02500	52.38850	0.93000	0.48580	0.88327	0.15500	0.15500	1.72022	1.62776	1.54820	1.13943	3.50298	0.31000	1.72022	1403.80000	1000
0.31100	5.94600	796.08333	25	55	200	10	12	16	117.60811	33.17152	155.20173	60.35623	59.18025	52.56549	0.93300	0.48268	0.87760	0.15550	0.15550	1.72022	1.62149	1.54820	1.13505	3.49721	0.31100	1.72022	1403.80000	1000
0.31200	5.93508	797.94560	25	55	200	10	12	16	118.36565	33.38518	155.60332	60.51240	59.33600	52.74304	0.93600	0.47959	0.87199	0.15600	0.15600	1.72022	1.61529	1.54820	1.13070	3.49151	0.31200	1.72022	1403.80000	1000
0.31300	5.92431	799.81385	25	55	200	10	12	16	119.12562	33.59953	156.00620	60.66908	59.49225	52.92117	0.93900	0.47653	0.86642	0.15650	0.15650	1.72022	1.60914	1.54820	1.12640	3.48586	0.31300	1.72022	1403.80000	1000
0.31400	5.91368	801.68808	25	55	200	10	12	16	119.88802	33.81457	156.41038	60.82626	59.64900	53.09986	0.94200	0.47350	0.86091	0.15700	0.15700	1.72022	1.60305	1.54820	1.12213	3.48027	0.31400	1.72022	1403.80000	1000
0.31500	5.90319	803.56830	25	55	200	10	12	16	120.65286	34.03029	156.81584	60.98394	59.80625	53.27913	0.94500	0.47050	0.85546	0.15750	0.15750	1.72022	1.59701	1.54820	1.11791	3.47473	0.31500	1.72022	1403.80000	1000
0.31600	5.89284	805.45449	25	55	200	10	12	16	121.42012	34.24670	157.22259	61.14212	59.96400	53.45896	0.94800	0.46753	0.85005	0.15800	0.15800	1.72022	1.59104	1.54820	1.11373	3.46926	0.31600	1.72022	1403.80000	1000
0.31700	5.88262	807.34667	25	55	200	10	12	16	122.18982	34.46380	157.63063	61.30080	60.12225	53.63937	0.95100	0.46458	0.84470	0.15850	0.15850	1.72022	1.58512	1.54820	1.10958	3.46384	0.31700	1.72022	1403.80000	1000
0.31800	5.87253	809.24482	25	55	200	10	12	16	122.96195	34.68158	158.03997	61.45999	60.28100	53.82034	0.95400	0.46167	0.83939	0.15900	0.15900	1.72022	1.57926	1.54820	1.10548	3.45848	0.31800	1.72022	1403.80000	1000
0.31900	5.86258	811.14895	25	55	200	10	12	16	123.73651	34.90004	158.45059	61.61967	60.44025	54.00189	0.95700	0.45878	0.83414	0.15950	0.15950	1.72022	1.57345	1.54820	1.10141	3.45317	0.31900	1.72022	1403.80000	1000
0.32000	5.85276	813.05907	25	55	200	10	12	16	124.51350	35.11919	158.86251	61.77986	60.60000	54.18400	0.96000	0.45591	0.82893	0.16000	0.16000	1.72022	1.56769	1.54820	1.09739	3.44791	0.32000	1.72022	1403.80000	1000
0.32100	5.84307	814.97516	25	55	200	10	12	16	125.29293	35.33903	159.27571	61.94055	60.76025	54.36669	0.96300	0.45308	0.82378	0.16050	0.16050	1.72022	1.56199	1.54820	1.09340	3.44271	0.32100	1.72022	1403.80000	1000
0.32200	5.83350	816.89724	25	55	200	10	12	16	126.07479	35.55956	159.69021	62.10175	60.92100	54.54994	0.96600	0.45027	0.81867	0.16100	0.16100	1.72022	1.55635	1.54820	1.08944	3.43757	0.32200	1.72022	1403.80000	1000
0.32300	5.82406	818.82529	25	55	200	10	12	16	126.85908	35.78077	160.10599	62.26344	61.08225	54.73377	0.96900	0.44748	0.81361	0.16150	0.16150	1.72022	1.55075	1.54820	1.08553	3.43247	0.32300	1.72022	1403.80000	1000
0.32400	5.81474	820.75933	25	55	200	10	12	16	127.64580	36.00266	160.52307	62.42564	61.24400	54.91816	0.97200	0.44472	0.80859	0.16200	0.16200	1.72022	1.54521	1.54820	1.08165	3.42743	0.32400	1.72022	1403.80000	1000
0.32500	5.80555	822.69934	25	55	200	10	12	16	128.43495	36.22524	160.94144	62.58834	61.40625	55.10313	0.97500	0.44199	0.80362	0.16250	0.16250	1.72022	1.53972	1.54820	1.07780	3.42244	0.32500	1.72022	1403.80000	1000
0.32600	5.79648	824.64534	25	55	200	10	12	16	129.22653	36.44851	161.36110	62.75154	61.56900	55.28866	0.97800	0.43928	0.79870	0.16300	0.16300	1.72022	1.53428	1.54820	1.07399	3.41750	0.32600	1.72022	1403.80000	1000
0.32700	5.78753	826.59732	25	55	200	10	12	16	130.02055	36.67246	161.78205	62.91524	61.73225	55.47477	0.98100	0.43660	0.79382	0.16350	0.16350	1.72022	1.52888	1.54820	1.07022	3.41260	0.32700	1.72022	1403.80000	1000
0.32800	5.77870	828.55527	25	55	200	10	12	16	130.81700	36.89710	162.20429	63.07944	61.89600	55.66144	0.98400	0.43394	0.78899	0.16400	0.16400	1.72022	1.52354	1.54820	1.06648	3.40776	0.32800	1.72022	1403.80000	1000
0.32900	5.76998	830.51921	25	55	200	10	12	16	131.61588	37.12243	162.62782	63.24415	62.06025	55.84869	0.98700	0.43131	0.78420	0.16450	0.16450	1.72022	1.51825	1.54820	1.06277	3.40297	0.32900	1.72022	1403.80000	1000
0.33000	5.76138	832.48913	25	55	200	10	12	16	132.41719	37.34844	163.05264	63.40936	62.22500	56.03650	0.99000	0.42870	0.77945	0.16500	0.16500	1.72022	1.51300	1.54820	1.05910	3.39822	0.33000	1.72022	1403.80000	1000
0.33100	5.75289	834.46502	25	55	200	10	12	16	133.22094	37.57514	163.47875	63.57507	62.39025	56.22489	0.99300	0.42611	0.77475	0.16550	0.16550	1.72022	1.50780	1.54820	1.05546	3.39352	0.33100	1.72022	1403.80000	1000
0.33200	5.74452	836.44690	25	55	200	10	12	16	134.02711	37.80252	163.90615	63.74128	62.55600	56.41384	0.99600	0.42355	0.77009	0.16600	0.16600	1.72022	1.50265	1.54820	1.05186	3.38887	0.33200	1.72022	1403.80000	1000
0.33300	5.73625	838.43476	25	55	200	10	12	16	134.83572	38.03059	164.33484	63.90799	62.72225	56.60337	0.99900	0.42101	0.76547	0.16650	0.16650	1.72022	1.49755	1.54820	1.04828	3.38427	0.33300	1.72022	1403.80000	1000
0.33400	5.72810	840.42860	25	55	200	10	12	16	135.64676	38.25934	164.76482	64.07521	62.88900	56.79346	1.00200	0.41849	0.76090	0.16700	0.16700	1.72022	1.49249	1.54820	1.04474	3.37971	0.33400	1.72022	1403.80000	1000
0.33500	5.72006	842.42842	25	55	200	10	12	16	136.46023	38.48878	165.19610	64.24293	63.05625	56.98413	1.00500	0.41600	0.75636	0.16750	0.16750	1.72022	1.48748	1.54820	1.04123	3.37520	0.33500	1.72022	1403.80000	1000
0.33600	5.71212	844.43422	25	55	200	10	12	16	137.27614	38.71891	165.62866	64.41115	63.22400	57.17536	1.00800	0.41353	0.75187	0.16800	0.16800	1.72022	1.48251	1.54820	1.03775	3.37073	0.33600	1.72022	1403.80000	1000
0.33700	5.70429	846.44600	25	55	200	10	12	16	138.09447	38.94972	166.06252	64.57987	63.39225	57.36717	1.01100	0.41108	0.74741	0.16850	0.16850	1.72022	1.47758	1.54820	1.03431	3.36630	0.33700	1.72022	1403.80000	1000
0.33800	5.69656	848.46376	25	55	200	10	12	16	138.91524	39.18122	166.49766	64.74909	63.56100	57.55954	1.01400	0.40865	0.74299	0.16900	0.16900	1.72022	1.47270	1.54820	1.03089	3.36192	0.33800	1.72022	1403.80000	1000
0.33900	5.68894	850.48750	25	55	200	10	12	16	139.73844	39.41341	166.93410	64.91882	63.73025	57.75249	1.01700	0.40624	0.73862	0.16950	0.16950	1.72022	1.46786	1.54820	1.02750	3.35758	0.33900	1.72022	1403.80000	1000
0.34000	5.68142	852.51722	25	55	200	10	12	16	140.56407	39.64628	167.37182	65.08904	63.90000	57.94600	1.02000	0.40385	0.73428	0.17000	0.17000	1.72022	1.46307	1.54820	1.02415	3.35329	0.34000	1.72022	1403.80000	1000
0.34100	5.67400	854.55292	25	55	200	10	12	16	141.39214	39.87983	167.81084	65.25977	64.07025	58.14009	1.02300	0.40149	0.72998	0.17050	0.17050	1.72022	1.45831	1.54820	1.02082	3.34903	0.34100	1.72022	1403.80000	1000
0.34200	5.66668	856.59460	25	55	200	10	12	16	142.22263	40.11408	168.25115	65.43100	64.24100	58.33474	1.02600	0.39914	0.72572	0.17100	0.17100	1.72022	1.45360	1.54820	1.01752	3.34482	0.34200	1.72022	1403.80000	1000
0.34300	5.65946	858.64226	25	55	200	10	12	16	143.05556	40.34900	168.69275	65.60273	64.41225	58.52997	1.02900	0.39682	0.72149	0.17150	0.17150	1.72022	1.44893	1.54820	1.01425	3.34065	0.34300	1.72022	1403.80000	1000
0.34400	5.65234	860.69590	25	55	200	10	12	16	143.89092	40.58462	169.13564	65.77497	64.58400	58.72576	1.03200	0.39452	0.71730	0.17200	0.17200	1.72022	1.44430	1.54820	1.01101	3.33652	0.34400	1.72022	1403.80000	1000
0.34500	5.64531	862.75552	25	55	200	10	12	16	144.72871	40.82092	169.57981	65.94771	64.75625	58.92213	1.03500	0.39223	0.71315	0.17250	0.17250	1.72022	1.43971	1.54820	1.00780	3.33243	0.34500	1.72022	1403.80000	1000
0.34600	5.63838	864.82113	25	55	200	10	12	16	145.56893	41.05790	170.02528	66.12094	64.92900	59.11906	1.03800	0.38997	0.70903	0.17300	0.17300	1.72022	1.43516	1.54820	1.00461	3.32838	0.34600	1.72022	1403.80000	1000
0.34700	5.63155	866.89271	25	55	200	10	12	16	146.41159	41.29558	170.47205	66.29468	65.10225	59.31657	1.04100	0.38772	0.70495	0.17350	0.17350	1.72022	1.43065	1.54820	1.00146	3.32437	0.34700	1.72022	1403.80000	1000
0.34800	5.62481	868.97027	25	55	200	10	12	16	147.25667	41.53393	170.92010	66.46893	65.27600	59.51464	1.04400	0.38550	0.70091	0.17400	0.17400	1.72022	1.42618	1.54820	0.99833	3.32040	0.34800	1.72022	1403.80000	1000
0.34900	5.61816	871.05381	25	55	200	10	12	16	148.10419	41.77298	171.36944	66.64367	65.45025	59.71329	1.04700	0.38329	0.69690	0.17450	0.17450	1.72022	1.42175	1.54820	0.99522	3.31647	0.34900	1.72022	1403.80000	1000
0.35000	5.61160	873.14334	25	55	200	10	12	16	148.95414	42.01271	171.82007	66.81892	65.62500	59.91250	1.05000	0.38111	0.69292	0.17500	0.17500	1.72022	1.41735	1.54820	0.99215	3.31257	0.35000	1.72022	1403.80000	1000
0.35100	5.60513	875.23884	25	55	200	10	12	16	149.80653	42.25312	172.27199	66.99466	65.80025	60.11229	1.05300	0.37894	0.68898	0.17550	0.17550	1.72022	1.41299	1.54820	0.98910	3.30871	0.35100	1.72022	1403.80000	1000
0.35200	5.59875	877.34033	25	55	200	10	12	16	150.66134	42.49422	172.72521	67.17091	65.97600	60.31264	1.05600	0.37679	0.68507	0.17600	0.17600	1.72022	1.40867	1.54820	0.98607	3.30489	0.35200	1.72022	1403.80000	1000
0.35300	5.59246	879.44779	25	55	200	10	12	16	151.51859	42.73601	173.17971	67.34767	66.15225	60.51357	1.05900	0.37466	0.68119	0.17650	0.17650	1.72022	1.40439	1.54820	0.98307	3.30111	0.35300	1.72022	1403.80000	1000
0.35400	5.58625	881.56124	25	55	200	10	12	16	152.37826	42.97848	173.63551	67.52492	66.32900	60.71506	1.06200	0.37254	0.67735	0.17700	0.17700	1.72022	1.40014	1.54820	0.98010	3.29736	0.35400	1.72022	1403.80000	1000
0.35500	5.58013	883.68066	25	55	200	10	12	16	153.24037	43.22164	174.09259	67.70267	66.50625	60.91713	1.06500	0.37045	0.67354	0.17750	0.17750	1.72022	1.39593	1.54820	0.97715	3.29365	0.35500	1.72022	1403.80000	1000
0.35600	5.57410	885.80607	25	55	200	10	12	16	154.10492	43.46549	174.55097	67.88093	66.68400	61.11976	1.06800	0.36837	0.66976	0.17800	0.17800	1.72022	1.39175	1.54820	0.97423	3.28997	0.35600	1.72022	1403.80000	1000
0.35700	5.56815	887.93745	25	55	200	10	12	16	154.97189	43.71002	175.01064	68.05969	66.86225	61.32297	1.07100	0.36631	0.66601	0.17850	0.17850	1.72022	1.38761	1.54820	0.97133	3.28633	0.35700	1.72022	1403.80000	1000
0.35800	5.56228	890.07482	25	55	200	10	12	16	155.84130	43.95524	175.47159	68.23895	67.04100	61.52674	1.07400	0.36426	0.66230	0.17900	0.17900	1.72022	1.38350	1.54820	0.96845	3.28272	0.35800	1.72022	1403.80000	1000
0.35900	5.55650	892.21817	25	55	200	10	12	16	156.71313	44.20114	175.93384	68.41872	67.22025	61.73109	1.07700	0.36224	0.65861	0.17950	0.17950	1.72022	1.37943	1.54820	0.96560	3.27915	0.35900	1.72022	1403.80000	1000
0.36000	5.55080	894.36749	25	55	200	10	12	16	157.58740	44.44773	176.39738	68.59898	67.40000	61.93600	1.08000	0.36023	0.65496	0.18000	0.18000	1.72022	1.37539	1.54820	0.96277	3.27561	0.36000	1.72022	1403.80000	1000
0.36100	5.54518	896.52280	25	55	200	10	12	16	158.46411	44.69500	176.86221	68.77975	67.58025	62.14149	1.08300	0.35823	0.65134	0.18050	0.18050	1.72022	1.37139	1.54820	0.95997	3.27211	0.36100	1.72022	1403.80000	1000
0.36200	5.53964	898.68409	25	55	200	10	12	16	159.34324	44.94296	177.32833	68.96102	67.76100	62.34754	1.08600	0.35626	0.64774	0.18100	0.18100	1.72022	1.36742	1.54820	0.95719	3.26864	0.36200	1.72022	1403.80000	1000
0.36300	5.53417	900.85136	25	55	200	10	12	16	160.22480	45.19161	177.79574	69.14279	67.94225	62.55417	1.08900	0.35430	0.64418	0.18150	0.18150	1.72022	1.36348	1.54820	0.95443	3.26520	0.36300	1.72022	1403.80000	1000
0.36400	5.52879	903.02460	25	55	200	10	12	16	161.10880	45.44094	178.26444	69.32506	68.12400	62.76136	1.09200	0.35235	0.64064	0.18200	0.18200	1.72022	1.35957	1.54820	0.95170	3.26179	0.36400	1.72022	1403.80000	1000
0.36500	5.52348	905.20383	25	55	200	10	12	16	161.99523	45.69096	178.73443	69.50783	68.30625	62.96913	1.09500	0.35043	0.63714	0.18250	0.18250	1.72022	1.35570	1.54820	0.94899	3.25842	0.36500	1.72022	1403.80000	1000
0.36600	5.51825	907.38904	25	55	200	10	12	16	162.88409	45.94167	179.20571	69.69111	68.48900	63.17746	1.09800	0.34851	0.63366	0.18300	0.18300	1.72022	1.35185	1.54820	0.94630	3.25507	0.36600	1.72022	1403.80000	1000
0.36700	5.51309	909.58023	25	55	200	10	12	16	163.77538	46.19306	179.67829	69.87489	68.67225	63.38637	1.10100	0.34662	0.63021	0.18350	0.18350	1.72022	1.34804	1.54820	0.94363	3.25176	0.36700	1.72022	1403.80000	1000
0.36800	5.50801	911.77740	25	55	200	10	12	16	164.66911	46.44513	180.15215	70.05917	68.85600	63.59584	1.10400	0.34474	0.62679	0.18400	0.18400	1.72022	1.34426	1.54820	0.94098	3.24848	0.36800	1.72022	1403.80000	1000
0.36900	5.50300	913.98055	25	55	200	10	12	16	165.56527	46.69790	180.62730	70.24395	69.04025	63.80589	1.10700	0.34287	0.62340	0.18450	0.18450	1.72022	1.34051	1.54820	0.93836	3.24523	0.36900	1.72022	1403.80000	1000
0.37000	5.49806	916.18968	25	55	200	10	12	16	166.46385	46.95134	181.10375	70.42924	69.22500	64.01650	1.11000	0.34102	0.62003	0.18500	0.18500	1.72022	1.33679	1.54820	0.93575	3.24201	0.37000	1.72022	1403.80000	1000
0.37100	5.49320	918.40479	25	55	200	10	12	16	167.36488	47.20548	181.58148	70.61502	69.41025	64.22769	1.11300	0.33918	0.61670	0.18550	0.18550	1.72022	1.33310	1.54820	0.93317	3.23882	0.37100	1.72022	1403.80000	1000
0.37200	5.48841	920.62589	25	55	200	10	12	16	168.26833	47.46030	182.06051	70.80131	69.59600	64.43944	1.11600	0.33736	0.61338	0.18600	0.18600	1.72022	1.32944	1.54820	0.93061	3.23566	0.37200	1.72022	1403.80000	1000
0.37300	5.48369	922.85296	25	55	200	10	12	16	169.17421	47.71580	182.54083	70.98810	69.78225	64.65177	1.11900	0.33556	0.61010	0.18650	0.18650	1.72022	1.32581	1.54820	0.92807	3.23253	0.37300	1.72022	1403.80000	1000
0.37400	5.47904	925.08601	25	55	200	10	12	16	170.08253	47.97200	183.02243	71.17539	69.96900	64.86466	1.12200	0.33376	0.60684	0.18700	0.18700	1.72022	1.32221	1.54820	0.92555	3.22943	0.37400	1.72022	1403.80000	1000
0.37500	5.47445	927.32504	25	55	200	10	12	16	170.99328	48.22887	183.50533	71.36318	70.15625	65.07813	1.12500	0.33199	0.60361	0.18750	0.18750	1.72022	1.31864	1.54820	0.92305	3.22636	0.37500	1.72022	1403.80000	1000
0.37600	5.46994	929.57005	25	55	200	10	12	16	171.90646	48.48644	183.98952	71.55148	70.34400	65.29216	1.12800	0.33022	0.60040	0.18800	0.18800	1.72022	1.31509	1.54820	0.92057	3.22331	0.37600	1.72022	1403.80000	1000
0.37700	5.46549	931.82105	25	55	200	10	12	16	172.82207	48.74469	184.47500	71.74028	70.53225	65.50677	1.13100	0.32847	0.59722	0.18850	0.18850	1.72022	1.31158	1.54820	0.91811	3.22030	0.37700	1.72022	1403.80000	1000
0.37800	5.46111	934.07802	25	55	200	10	12	16	173.74011	49.00362	184.96177	71.92958	70.72100	65.72194	1.13400	0.32674	0.59407	0.18900	0.18900	1.72022	1.30809	1.54820	0.91566	3.21731	0.37800	1.72022	1403.80000	1000
0.37900	5.45680	936.34098	25	55	200	10	12	16	174.66059	49.26324	185.44983	72.11938	70.91025	65.93769	1.13700	0.32501	0.59094	0.18950	0.18950	1.72022	1.30463	1.54820	0.91324	3.21435	0.37900	1.72022	1403.80000	1000
0.38000	5.45255	938.60991	25	55	200	10	12	16	175.58350	49.52355	185.93918	72.30968	71.10000	66.15400	1.14000	0.32331	0.58783	0.19000	0.19000	1.72022	1.30120	1.54820	0.91084	3.21142	0.38000	1.72022	1403.80000	1000
0.38100	5.44837	940.88482	25	55	200	10	12	16	176.50884	49.78454	186.42982	72.50049	71.29025	66.37089	1.14300	0.32161	0.58475	0.19050	0.19050	1.72022	1.29779	1.54820	0.90845	3.20851	0.38100	1.72022	1403.80000	1000
0.38200	5.44425	943.16572	25	55	200	10	12	16	177.43661	50.04622	186.92176	72.69179	71.48100	66.58834	1.14600	0.31993	0.58169	0.19100	0.19100	1.72022	1.29441	1.54820	0.90609	3.20563	0.38200	1.72022	1403.80000	1000
0.38300	5.44020	945.45259	25	55	200	10	12	16	178.36681	50.30859	187.41498	72.88360	71.67225	66.80637	1.14900	0.31826	0.57866	0.19150	0.19150	1.72022	1.29106	1.54820	0.90374	3.20278	0.38300	1.72022	1403.80000	1000
0.38400	5.43621	947.74545	25	55	200	10	12	16	179.29945	50.57164	187.90949	73.07591	71.86400	67.02496	1.15200	0.31661	0.57565	0.19200	0.19200	1.72022	1.28773	1.54820	0.90141	3.19995	0.38400	1.72022	1403.80000	1000
0.38500	5.43228	950.04429	25	55	200	10	12	16	180.23451	50.83538	188.40530	73.26873	72.05625	67.24413	1.15500	0.31496	0.57266	0.19250	0.19250	1.72022	1.28443	1.54820	0.89910	3.19715	0.38500	1.72022	1403.80000	1000
0.38600	5.42841	952.34910	25	55	200	10	12	16	181.17201	51.09980	188.90239	73.46204	72.24900	67.46386	1.15800	0.31333	0.56970	0.19300	0.19300	1.72022	1.28116	1.54820	0.89681	3.19438	0.38600	1.72022	1403.80000	1000
0.38700	5.42460	954.65990	25	55	200	10	12	16	182.11194	51.36491	189.40078	73.65586	72.44225	67.68417	1.16100	0.31172	0.56676	0.19350	0.19350	1.72022	1.27791	1.54820	0.89454	3.19163	0.38700	1.72022	1403.80000	1000
0.38800	5.42085	956.97668	25	55	200	10	12	16	183.05431	51.63070	189.90045	73.85018	72.63600	67.90504	1.16400	0.31011	0.56384	0.19400	0.19400	1.72022	1.27468	1.54820	0.89228	3.18890	0.38800	1.72022	1403.80000	1000
0.38900	5.41717	959.29943	25	55	200	10	12	16	183.99910	51.89718	190.40142	74.04500	72.83025	68.12649	1.16700	0.30852	0.56094	0.19450	0.19450	1.72022	1.27148	1.54820	0.89004	3.18620	0.38900	1.72022	1403.80000	1000
0.39000	5.41354	961.62817	25	55	200	10	12	16	184.94633	52.16435	190.90368	74.24032	73.02500	68.34850	1.17000	0.30694	0.55807	0.19500	0.19500	1.72022	1.26831	1.54820	0.88782	3.18353	0.39000	1.72022	1403.80000	1000
0.39100	5.40997	963.96289	25	55	200	10	12	16	185.89599	52.43220	191.40722	74.43614	73.22025	68.57109	1.17300	0.30537	0.55522	0.19550	0.19550	1.72022	1.26516	1.54820	0.88561	3.18088	0.39100	1.72022	1403.80000	1000
0.39200	5.40646	966.30359	25	55	200	10	12	16	186.84808	52.70074	191.91206	74.63247	73.41600	68.79424	1.17600	0.30382	0.55239	0.19600	0.19600	1.72022	1.26203	1.54820	0.88342	3.17825	0.39200	1.72022	1403.80000	1000
0.39300	5.40300	968.65027	25	55	200	10	12	16	187.80260	52.96996	192.41819	74.82930	73.61225	69.01797	1.17900	0.30227	0.54958	0.19650	0.19650	1.72022	1.25893	1.54820	0.88125	3.17565	0.39300	1.72022	1403.80000	1000
0.39400	5.39960	971.00293	25	55	200	10	12	16	188.75955	53.23987	192.92561	75.02663	73.80900	69.24226	1.18200	0.30074	0.54680	0.19700	0.19700	1.72022	1.25585	1.54820	0.87909	3.17307	0.39400	1.72022	1403.80000	1000
0.39500	5.39626	973.36157	25	55	200	10	12	16	189.71894	53.51047	193.43432	75.22446	74.00625	69.46713	1.18500	0.29922	0.54403	0.19750	0.19750	1.72022	1.25279	1.54820	0.87695	3.17051	0.39500	1.72022	1403.80000	1000
0.39600	5.39298	975.72619	25	55	200	10	12	16	190.68076	53.78175	193.94432	75.42279	74.20400	69.69256	1.18800	0.29771	0.54129	0.19800	0.19800	1.72022	1.24976	1.54820	0.87483	3.16798	0.39600	1.72022	1403.80000	1000
0.39700	5.38974	978.09679	25	55	200	10	12	16	191.64501	54.05372	194.45562	75.62163	74.40225	69.91857	1.19100	0.29621	0.53856	0.19850	0.19850	1.72022	1.24675	1.54820	0.87272	3.16547	0.39700	1.72022	1403.80000	1000
0.39800	5.38657	980.47337	25	55	200	10	12	16	192.61169	54.32637	194.96820	75.82097	74.60100	70.14514	1.19400	0.29472	0.53586	0.19900	0.19900	1.72022	1.24376	1.54820	0.87063	3.16298	0.39800	1.72022	1403.80000	1000
0.39900	5.38344	982.85593	25	55	200	10	12	16	193.58080	54.59971	195.48207	76.02081	74.80025	70.37229	1.19700	0.29325	0.53318	0.19950	0.19950	1.72022	1.24080	1.54820	0.86856	3.16052	0.39900	1.72022	1403.80000	1000
0.40000	5.38038	985.24447	25	55	200	10	12	16	194.55235	54.87374	195.99723	76.22115	75.00000	70.60000	1.20000	0.29178	0.53052	0.20000	0.20000	1.72022	1.23785	1.54820	0.86650	3.15807	0.40000	1.72022	1403.80000	1000
0.40100	5.37736	987.63899	25	55	200	10	12	16	195.52633	55.14845	196.51369	76.42199	75.20025	70.82829	1.20300	0.29033	0.52787	0.20050	0.20050	1.72022	1.23493	1.54820	0.86445	3.15565	0.40100	1.72022	1403.80000	1000
0.40200	5.37439	990.03950	25	55	200	10	12	16	196.50274	55.42385	197.03143	76.62334	75.40100	71.05714	1.20600	0.28889	0.52525	0.20100	0.20100	1.72022	1.23203	1.54820	0.86242	3.15326	0.40200	1.72022	1403.80000	1000
0.40300	5.37148	992.44598	25	55	200	10	12	16	197.48158	55.69993	197.55047	76.82518	75.60225	71.28657	1.20900	0.28746	0.52265	0.20150	0.20150	1.72022	1.22916	1.54820	0.86041	3.15088	0.40300	1.72022	1403.80000	1000
0.40400	5.36862	994.85844	25	55	200	10	12	16	198.46285	55.97670	198.07080	77.02753	75.80400	71.51656	1.21200	0.28603	0.52006	0.20200	0.20200	1.72022	1.22630	1.54820	0.85841	3.14852	0.40400	1.72022	1403.80000	1000
0.40500	5.36581	997.27689	25	55	200	10	12	16	199.44656	56.25416	198.59241	77.23038	76.00625	71.74713	1.21500	0.28462	0.51750	0.20250	0.20250	1.72022	1.22347	1.54820	0.85643	3.14619	0.40500	1.72022	1403.80000	1000
0.40600	5.36305	999.70131	25	55	200	10	12	16	200.43270	56.53230	199.11532	77.43374	76.20900	71.97826	1.21800	0.28322	0.51495	0.20300	0.20300	1.72022	1.22065	1.54820	0.85446	3.14387	0.40600	1.72022	1403.80000	1000
0.40700	5.36034	1002.13171	25	55	200	10	12	16	201.42126	56.81113	199.63952	77.63759	76.41225	72.20997	1.22100	0.28183	0.51242	0.20350	0.20350	1.72022	1.21786	1.54820	0.85250	3.14158	0.40700	1.72022	1403.80000	1000
0.40800	5.35768	1004.56810	25	55	200	10	12	16	202.41227	57.09064	200.16501	77.84195	76.61600	72.44224	1.22400	0.28045	0.50992	0.20400	0.20400	1.72022	1.21509	1.54820	0.85056	3.13931	0.40800	1.72022	1403.80000	1000
0.40900	5.35506	1007.01046	25	55	200	10	12	16	203.40570	57.37084	200.69179	78.04681	76.82025	72.67509	1.22700	0.27908	0.50743	0.20450	0.20450	1.72022	1.21233	1.54820	0.84863	3.13706	0.40900	1.72022	1403.80000	1000
0.41000	5.35250	1009.45881	25	55	200	10	12	16	204.40156	57.65172	201.21986	78.25217	77.02500	72.90850	1.23000	0.27772	0.50495	0.20500	0.20500	1.72022	1.20960	1.54820	0.84672	3.13482	0.41000	1.72022	1403.80000	1000
0.41100	5.34998	1011.91313	25	55	200	10	12	16	205.39986	57.93329	201.74922	78.45803	77.23025	73.14249	1.23300	0.27637	0.50250	0.20550	0.20550	1.72022	1.20689	1.54820	0.84482	3.13261	0.41100	1.72022	1403.80000	1000
0.41200	5.34752	1014.37344	25	55	200	10	12	16	206.40059	58.21555	202.27987	78.66439	77.43600	73.37704	1.23600	0.27503	0.50006	0.20600	0.20600	1.72022	1.20420	1.54820	0.84294	3.13042	0.41200	1.72022	1403.80000	1000
0.41300	5.34509	1016.83973	25	55	200	10	12	16	207.40375	58.49849	202.81181	78.87126	77.64225	73.61217	1.23900	0.27370	0.49764	0.20650	0.20650	1.72022	1.20152	1.54820	0.84107	3.12825	0.41300	1.72022	1403.80000	1000
0.41400	5.34271	1019.30983	25	55	200	10	12	16	208.40934	58.78212	203.34348	79.07802	77.84900	73.84786	1.24200	0.27238	0.49524	0.20700	0.20700	1.72022	1.19886	1.54820	0.83920	3.12608	0.41400	1.72022	1403.80000	1000
0.41500	5.34038	1021.78935	25	55	200	10	12	16	209.41737	59.06644	203.87893	79.28625	78.05625	74.08413	1.24500	0.27107	0.49286	0.20750	0.20750	1.72022	1.19623	1.54820	0.83736	3.12395	0.41500	1.72022	1403.80000	1000
0.41600	5.33811	1024.27487	25	55	200	10	12	16	210.42782	59.35144	204.41567	79.49498	78.26400	74.32096	1.24800	0.26977	0.49049	0.20800	0.20800	1.72022	1.19362	1.54820	0.83554	3.12184	0.41600	1.72022	1403.80000	1000
0.41700	5.33587	1026.76637	25	55	200	10	12	16	211.44071	59.63712	204.95370	79.70422	78.47225	74.55837	1.25100	0.26848	0.48814	0.20850	0.20850	1.72022	1.19103	1.54820	0.83372	3.11975	0.41700	1.72022	1403.80000	1000
0.41800	5.33368	1029.26386	25	55	200	10	12	16	212.45603	59.92350	205.49304	79.91396	78.68100	74.79634	1.25400	0.26720	0.48581	0.20900	0.20900	1.72022	1.18846	1.54820	0.83192	3.11768	0.41800	1.72022	1403.80000	1000
0.41900	5.33152	1031.76303	25	55	200	10	12	16	213.47378	60.21055	206.03056	80.12300	78.89025	75.03489	1.25700	0.26592	0.48349	0.20950	0.20950	1.72022	1.18589	1.54820	0.83012	3.11561	0.41900	1.72022	1403.80000	1000
0.42000	5.32942	1034.27118	25	55	200	10	12	16	214.49397	60.49830	206.57154	80.33338	79.10000	75.27400	1.26000	0.26466	0.48119	0.21000	0.21000	1.72022	1.18335	1.54820	0.82834	3.11357	0.42000	1.72022	1403.80000	1000
0.42100	5.32735	1036.78531	25	55	200	10	12	16	215.51658	60.78673	207.11381	80.54426	79.31025	75.51369	1.26300	0.26340	0.47891	0.21050	0.21050	1.72022	1.18082	1.54820	0.82658	3.11154	0.42100	1.72022	1403.80000	1000
0.42200	5.32533	1039.30542	25	55	200	10	12	16	216.54163	61.07584	207.65736	80.75564	79.52100	75.75394	1.26600	0.26215	0.47664	0.21100	0.21100	1.72022	1.17832	1.54820	0.82482	3.10954	0.42200	1.72022	1403.80000	1000
0.42300	5.32336	1041.83151	25	55	200	10	12	16	217.56911	61.36565	208.20221	80.96753	79.73225	75.99477	1.26900	0.26092	0.47439	0.21150	0.21150	1.72022	1.17583	1.54820	0.82308	3.10755	0.42300	1.72022	1403.80000	1000
0.42400	5.32142	1044.36358	25	55	200	10	12	16	218.59902	61.65613	208.74835	81.17991	79.94400	76.23616	1.27200	0.25969	0.47216	0.21200	0.21200	1.72022	1.17336	1.54820	0.82135	3.10558	0.42400	1.72022	1403.80000	1000
0.42500	5.31953	1046.90163	25	55	200	10	12	16	219.63136	61.94731	209.29578	81.39280	80.15625	76.47813	1.27500	0.25847	0.46994	0.21250	0.21250	1.72022	1.17091	1.54820	0.81963	3.10363	0.42500	1.72022	1403.80000	1000
0.42600	5.31768	1049.44566	25	55	200	10	12	16	220.66614	62.23917	209.84450	81.60619	80.36900	76.72066	1.27800	0.25725	0.46773	0.21300	0.21300	1.72022	1.16847	1.54820	0.81793	3.10169	0.42600	1.72022	1403.80000	1000
0.42700	5.31587	1051.99567	25	55	200	10	12	16	221.70335	62.53171	210.39451	81.82009	80.58225	76.96377	1.28100	0.25605	0.46555	0.21350	0.21350	1.72022	1.16605	1.54820	0.81624	3.09977	0.42700	1.72022	1403.80000	1000
0.42800	5.31410	1054.55166	25	55	200	10	12	16	222.74299	62.82494	210.94581	82.03448	80.79600	77.20744	1.28400	0.25486	0.46337	0.21400	0.21400	1.72022	1.16365	1.54820	0.81456	3.09787	0.42800	1.72022	1403.80000	1000
0.42900	5.31237	1057.11363	25	55	200	10	12	16	223.78506	63.11886	211.49840	82.24938	81.01025	77.45169	1.28700	0.25367	0.46122	0.21450	0.21450	1.72022	1.16127	1.54820	0.81289	3.09599	0.42900	1.72022	1403.80000	1000
0.43000	5.31068	1059.68159	25	55	200	10	12	16	224.82956	63.41347	212.05228	82.46478	81.22500	77.69650	1.29000	0.25249	0.45907	0.21500	0.21500	1.72022	1.15890	1.54820	0.81123	3.09412	0.43000	1.72022	1403.80000	1000
0.43100	5.30903	1062.25552	25	55	200	10	12	16	225.87649	63.70875	212.60746	82.68068	81.44025	77.94189	1.29300	0.25132	0.45695	0.21550	0.21550	1.72022	1.15655	1.54820	0.80958	3.09227	0.43100	1.72022	1403.80000	1000
0.43200	5.30742	1064.83543	25	55	200	10	12	16	226.92586	64.00473	213.16392	82.89708	81.65600	78.18784	1.29600	0.25016	0.45483	0.21600	0.21600	1.72022	1.15421	1.54820	0.80795	3.09043	0.43200	1.72022	1403.80000	1000
0.43300	5.30585	1067.42132	25	55	200	10	12	16	227.97766	64.30139	213.72167	83.11398	81.87225	78.43437	1.29900	0.24900	0.45273	0.21650	0.21650	1.72022	1.15189	1.54820	0.80633	3.08861	0.43300	1.72022	1403.80000	1000
0.43400	5.30432	1070.01320	25	55	200	10	12	16	229.03189	64.59874	214.28072	83.33139	82.08900	78.68146	1.30200	0.24786	0.45065	0.21700	0.21700	1.72022	1.14959	1.54820	0.80471	3.08681	0.43400	1.72022	1403.80000	1000
0.43500	5.30282	1072.61105	25	55	200	10	12	16	230.08855	64.89677	214.84105	83.54930	82.30625	78.92913	1.30500	0.24672	0.44858	0.21750	0.21750	1.72022	1.14730	1.54820	0.80311	3.08502	0.43500	1.72022	1403.80000	1000
0.43600	5.30137	1075.21489	25	55	200	10	12	16	231.14765	65.19549	215.40268	83.76771	82.52400	79.17736	1.30800	0.24559	0.44653	0.21800	0.21800	1.72022	1.14503	1.54820	0.80152	3.08325	0.43600	1.72022	1403.80000	1000
0.43700	5.29995	1077.82470	25	55	200	10	12	16	232.20917	65.49490	215.96560	83.98662	82.74225	79.42617	1.31100	0.24447	0.44448	0.21850	0.21850	1.72022	1.14278	1.54820	0.79994	3.08150	0.43700	1.72022	1403.80000	1000
0.43800	5.29856	1080.44050	25	55	200	10	12	16	233.27313	65.79499	216.52980	84.20603	82.96100	79.67554	1.31400	0.24335	0.44246	0.21900	0.21900	1.72022	1.14054	1.54820	0.79838	3.07976	0.43800	1.72022	1403.80000	1000
0.43900	5.29722	1083.06227	25	55	200	10	12	16	234.33952	66.09576	217.09530	84.42595	83.18025	79.92549	1.31700	0.24224	0.44044	0.21950	0.21950	1.72022	1.13831	1.54820	0.79682	3.07803	0.43900	1.72022	1403.80000	1000
0.44000	5.29591	1085.69003	25	55	200	10	12	16	235.40834	66.39723	217.66209	84.64637	83.40000	80.17600	1.32000	0.24114	0.43844	0.22000	0.22000	1.72022	1.13610	1.54820	0.79527	3.07632	0.44000	1.72022	1403.80000	1000
0.44100	5.29464	1088.32376	25	55	200	10	12	16	236.47960	66.69937	218.23017	84.86729	83.62025	80.42709	1.32300	0.24005	0.43646	0.22050	0.22050	1.72022	1.13391	1.54820	0.79373	3.07463	0.44100	1.72022	1403.80000	1000
0.44200	5.29340	1090.96348	25	55	200	10	12	16	237.55328	67.00221	218.79954	85.08871	83.84100	80.67874	1.32600	0.23897	0.43448	0.22100	0.22100	1.72022	1.13173	1.54820	0.79221	3.07295	0.44200	1.72022	1403.80000	1000
0.44300	5.29220	1093.60917	25	55	200	10	12	16	238.62940	67.30573	219.37020	85.31063	84.06225	80.93097	1.32900	0.23789	0.43253	0.22150	0.22150	1.72022	1.12956	1.54820	0.79069	3.07128	0.44300	1.72022	1403.80000	1000
0.44400	5.29103	1096.26085	25	55	200	10	12	16	239.70795	67.60993	219.94215	85.53306	84.28400	81.18376	1.33200	0.23682	0.43058	0.22200	0.22200	1.72022	1.12741	1.54820	0.78919	3.06963	0.44400	1.72022	1403.80000	1000
0.44500	5.28990	1098.91851	25	55	200	10	12	16	240.78893	67.91483	220.51539	85.75598	84.50625	81.43713	1.33500	0.23576	0.42865	0.22250	0.22250	1.72022	1.12527	1.54820	0.78769	3.06799	0.44500	1.72022	1403.80000	1000
0.44600	5.28880	1101.58215	25	55	200	10	12	16	241.87235	68.22041	221.08992	85.97941	84.72900	81.69106	1.33800	0.23470	0.42673	0.22300	0.22300	1.72022	1.12315	1.54820	0.78621	3.06637	0.44600	1.72022	1403.80000	1000
0.44700	5.28773	1104.25176	25	55	200	10	12	16	242.95819	68.52667	221.66574	86.20334	84.95225	81.94557	1.34100	0.23365	0.42482	0.22350	0.22350	1.72022	1.12105	1.54820	0.78473	3.06477	0.44700	1.72022	1403.80000	1000
0.44800	5.28671	1106.92736	25	55	200	10	12	16	244.04647	68.83362	222.24286	86.42778	85.17600	82.20064	1.34400	0.23261	0.42292	0.22400	0.22400	1.72022	1.11895	1.54820	0.78327	3.06317	0.44800	1.72022	1403.80000	1000
0.44900	5.28571	1109.60894	25	55	200	10	12	16	245.13718	69.14126	222.82126	86.65271	85.40025	82.45629	1.34700	0.23157	0.42104	0.22450	0.22450	1.72022	1.11687	1.54820	0.78181	3.06159	0.44900	1.72022	1403.80000	1000
0.45000	5.28475	1112.29650	25	55	200	10	12	16	246.23032	69.44958	223.40096	86.87815	85.62500	82.71250	1.35000	0.23055	0.41917	0.22500	0.22500	1.72022	1.11481	1.54820	0.78036	3.06003	0.45000	1.72022	1403.80000	1000
0.45100	5.28382	1114.99004	25	55	200	10	12	16	247.32589	69.75858	223.98194	87.10409	85.85025	82.96929	1.35300	0.22952	0.41732	0.22550	0.22550	1.72022	1.11275	1.54820	0.77893	3.05848	0.45100	1.72022	1403.80000	1000
0.45200	5.28292	1117.68956	25	55	200	10	12	16	248.42390	70.06828	224.56422	87.33053	86.07600	83.22664	1.35600	0.22851	0.41547	0.22600	0.22600	1.72022	1.11072	1.54820	0.77750	3.05694	0.45200	1.72022	1403.80000	1000
0.45300	5.28205	1120.39506	25	55	200	10	12	16	249.52433	70.37866	225.14778	87.55747	86.30225	83.48457	1.35900	0.22750	0.41364	0.22650	0.22650	1.72022	1.10869	1.54820	0.77608	3.05541	0.45300	1.72022	1403.80000	1000
0.45400	5.28122	1123.10654	25	55	200	10	12	16	250.62720	70.68972	225.73264	87.78491	86.52900	83.74306	1.36200	0.22650	0.41182	0.22700	0.22700	1.72022	1.10668	1.54820	0.77468	3.05390	0.45400	1.72022	1403.80000	1000
0.45500	5.28042	1125.82400	25	55	200	10	12	16	251.73250	71.00147	226.31879	88.01286	86.75625	84.00213	1.36500	0.22551	0.41001	0.22750	0.22750	1.72022	1.10468	1.54820	0.77328	3.05240	0.45500	1.72022	1403.80000	1000
0.45600	5.27965	1128.54744	25	55	200	10	12	16	252.84023	71.31391	226.90622	88.24131	86.98400	84.26176	1.36800	0.22452	0.40822	0.22800	0.22800	1.72022	1.10270	1.54820	0.77189	3.05092	0.45600	1.72022	1403.80000	1000
0.45700	5.27891	1131.27686	25	55	200	10	12	16	253.95040	71.62704	227.49495	88.47026	87.21225	84.52197	1.37100	0.22354	0.40643	0.22850	0.22850	1.72022	1.10073	1.54820	0.77051	3.04945	0.45700	1.72022	1403.80000	1000
0.45800	5.27821	1134.01226	25	55	200	10	12	16	255.06300	71.94084	228.08497	88.69971	87.44100	84.78274	1.37400	0.22256	0.40466	0.22900	0.22900	1.72022	1.09877	1.54820	0.76914	3.04799	0.45800	1.72022	1403.80000	1000
0.45900	5.27753	1136.75364	25	55	200	10	12	16	256.17802	72.25534	228.67628	88.92966	87.67025	85.04409	1.37700	0.22159	0.40290	0.22950	0.22950	1.72022	1.09682	1.54820	0.76777	3.04654	0.45900	1.72022	1403.80000	1000
0.46000	5.27688	1139.50101	25	55	200	10	12	16	257.29548	72.57052	229.26888	89.16012	87.90000	85.30600	1.38000	0.22063	0.40115	0.23000	0.23000	1.72022	1.09489	1.54820	0.76642	3.04511	0.46000	1.72022	1403.80000	1000
0.46100	5.27627	1142.25435	25	55	200	10	12	16	258.41538	72.88639	229.86277	89.39108	88.13025	85.56849	1.38300	0.21967	0.39941	0.23050	0.23050	1.72022	1.09297	1.54820	0.76508	3.04369	0.46100	1.72022	1403.80000	1000
0.46200	5.27568	1145.01367	25	55	200	10	12	16	259.53770	73.20294	230.45795	89.62254	88.36100	85.83154	1.38600	0.21872	0.39768	0.23100	0.23100	1.72022	1.09106	1.54820	0.76374	3.04228	0.46200	1.72022	1403.80000	1000
0.46300	5.27513	1147.77897	25	55	200	10	12	16	260.66245	73.52018	231.05442	89.85450	88.59225	86.09517	1.38900	0.21778	0.39597	0.23150	0.23150	1.72022	1.08916	1.54820	0.76241	3.04088	0.46300	1.72022	1403.80000	1000
0.46400	5.27460	1150.55026	25	55	200	10	12	16	261.78964	73.83810	231.65219	90.08696	88.82400	86.35936	1.39200	0.21684	0.39426	0.23200	0.23200	1.72022	1.08728	1.54820	0.76109	3.03950	0.46400	1.72022	1403.80000	1000
0.46500	5.27410	1153.32752	25	55	200	10	12	16	262.91926	74.15671	232.25124	90.31993	89.05625	86.62413	1.39500	0.21591	0.39257	0.23250	0.23250	1.72022	1.08540	1.54820	0.75978	3.03813	0.46500	1.72022	1403.80000	1000
0.46600	5.27363	1156.11076	25	55	200	10	12	16	264.05131	74.47601	232.85158	90.55339	89.28900	86.88946	1.39800	0.21499	0.39088	0.23300	0.23300	1.72022	1.08354	1.54820	0.75848	3.03677	0.46600	1.72022	1403.80000	1000
0.46700	5.27319	1158.89999	25	55	200	10	12	16	265.18580	74.79599	233.45322	90.78736	89.52225	87.15537	1.40100	0.21407	0.38921	0.23350	0.23350	1.72022	1.08170	1.54820	0.75719	3.03542	0.46700	1.72022	1403.80000	1000
0.46800	5.27278	1161.69519	25	55	200	10	12	16	266.32271	75.11666	234.05614	91.02183	89.75600	87.42184	1.40400	0.21315	0.38755	0.23400	0.23400	1.72022	1.07986	1.54820	0.75590	3.03408	0.46800	1.72022	1403.80000	1000
0.46900	5.27240	1164.49638	25	55	200	10	12	16	267.46206	75.43802	234.66036	91.25681	89.99025	87.68889	1.40700	0.21224	0.38590	0.23450	0.23450	1.72022	1.07804	1.54820	0.75463	3.03276	0.46900	1.72022	1403.80000	1000
0.47000	5.27204	1167.30354	25	55	200	10	12	16	268.60384	75.76006	235.26586	91.49228	90.22500	87.95650	1.41000	0.21134	0.38426	0.23500	0.23500	1.72022	1.07622	1.54820	0.75336	3.03144	0.47000	1.72022	1403.80000	1000
0.47100	5.27172	1170.11669	25	55	200	10	12	16	269.74805	76.08278	235.87266	91.72826	90.46025	88.22469	1.41300	0.21045	0.38263	0.23550	0.23550	1.72022	1.07442	1.54820	0.75210	3.03014	0.47100	1.72022	1403.80000	1000
0.47200	5.27142	1172.93581	25	55	200	10	12	16	270.89469	76.40620	236.48075	91.96474	90.69600	88.49344	1.41600	0.20955	0.38101	0.23600	0.23600	1.72022	1.07263	1.54820	0.75084	3.02885	0.47200	1.72022	1403.80000	1000
0.47300	5.27114	1175.76092	25	55	200	10	12	16	272.04377	76.73029	237.09013	92.20172	90.93225	88.76277	1.41900	0.20867	0.37940	0.23650	0.23650	1.72022	1.07086	1.54820	0.74960	3.02758	0.47300	1.72022	1403.80000	1000
0.47400	5.27090	1178.59200	25	55	200	10	12	16	273.19527	77.05508	237.70079	92.43920	91.16900	89.03266	1.42200	0.20779	0.37780	0.23700	0.23700	1.72022	1.06909	1.54820	0.74836	3.02631	0.47400	1.72022	1403.80000	1000
0.47500	5.27068	1181.42907	25	55	200	10	12	16	274.34921	77.38055	238.31275	92.67718	91.40625	89.30313	1.42500	0.20692	0.37621	0.23750	0.23750	1.72022	1.06733	1.54820	0.74713	3.02505	0.47500	1.72022	1403.80000	1000
0.47600	5.27049	1184.27212	25	55	200	10	12	16	275.50558	77.70670	238.92600	92.91567	91.64400	89.57416	1.42800	0.20605	0.37463	0.23800	0.23800	1.72022	1.06559	1.54820	0.74591	3.02381	0.47600	1.72022	1403.80000	1000
0.47700	5.27032	1187.12114	25	55	200	10	12	16	276.66439	78.03354	239.54054	93.15466	91.88225	89.84577	1.43100	0.20518	0.37306	0.23850	0.23850	1.72022	1.06385	1.54820	0.74470	3.02257	0.47700	1.72022	1403.80000	1000
0.47800	5.27018	1189.97615	25	55	200	10	12	16	277.82562	78.36107	240.15637	93.39414	92.12100	90.11794	1.43400	0.20433	0.37150	0.23900	0.23900	1.72022	1.06213	1.54820	0.74349	3.02135	0.47800	1.72022	1403.80000	1000
0.47900	5.27007	1192.83714	25	55	200	10	12	16	278.98929	78.68929	240.77349	93.63414	92.36025	90.39069	1.43700	0.20347	0.36995	0.23950	0.23950	1.72022	1.06042	1.54820	0.74229	3.02014	0.47900	1.72022	1403.80000	1000
0.48000	5.26998	1195.70411	25	55	200	10	12	16	280.15538	79.01819	241.39191	93.87463	92.60000	90.66400	1.44000	0.20263	0.36841	0.24000	0.24000	1.72022	1.05872	1.54820	0.74110	3.01894	0.48000	1.72022	1403.80000	1000
0.48100	5.26992	1198.57705	25	55	200	10	12	16	281.32391	79.34777	242.01161	94.11563	92.84025	90.93789	1.44300	0.20179	0.36688	0.24050	0.24050	1.72022	1.05703	1.54820	0.73992	3.01775	0.48100	1.72022	1403.80000	1000
0.48200	5.26988	1201.45598	25	55	200	10	12	16	282.49488	79.67804	242.63260	94.35712	93.08100	91.21234	1.44600	0.20095	0.36536	0.24100	0.24100	1.72022	1.05535	1.54820	0.73874	3.01657	0.48200	1.72022	1403.80000	1000
0.48300	5.26987	1204.34089	25	55	200	10	12	16	283.66827	80.00900	243.25488	94.59912	93.32225	91.48737	1.44900	0.20012	0.36385	0.24150	0.24150	1.72022	1.05368	1.54820	0.73757	3.01540	0.48300	1.72022	1403.80000	1000
0.48400	5.26988	1207.23178	25	55	200	10	12	16	284.84410	80.34064	243.87846	94.84162	93.56400	91.76296	1.45200	0.19929	0.36235	0.24200	0.24200	1.72022	1.05202	1.54820	0.73641	3.01424	0.48400	1.72022	1403.80000	1000
0.48500	5.26992	1210.12865	25	55	200	10	12	16	286.02235	80.67297	244.50332	95.08463	93.80625	92.03913	1.45500	0.19847	0.36086	0.24250	0.24250	1.72022	1.05037	1.54820	0.73526	3.01309	0.48500	1.72022	1403.80000	1000
0.48600	5.26998	1213.03150	25	55	200	10	12	16	287.20304	81.00599	245.12948	95.32813	94.04900	92.31586	1.45800	0.19766	0.35937	0.24300	0.24300	1.72022	1.04873	1.54820	0.73411	3.01195	0.48600	1.72022	1403.80000	1000
0.48700	5.27006	1215.94033	25	55	200	10	12	16	288.38616	81.33969	245.75692	95.57214	94.29225	92.59317	1.46100	0.19684	0.35790	0.24350	0.24350	1.72022	1.04710	1.54820	0.73297	3.01082	0.48700	1.72022	1403.80000	1000
0.48800	5.27017	1218.85514	25	55	200	10	12	16	289.57172	81.67407	246.38566	95.81664	94.53600	92.87104	1.46400	0.19604	0.35643	0.24400	0.24400	1.72022	1.04548	1.54820	0.73184	3.00970	0.48800	1.72022	1403.80000	1000
0.48900	5.27031	1221.77593	25	55	200	10	12	16	290.75970	82.00915	247.01569	96.06166	94.78025	93.14949	1.46700	0.19524	0.35498	0.24450	0.24450	1.72022	1.04387	1.54820	0.73071	3.00859	0.48900	1.72022	1403.80000	1000
0.49000	5.27046	1224.70270	25	55	200	10	12	16	291.95012	82.34491	247.64700	96.30717	95.02500	93.42850	1.47000	0.19444	0.35353	0.24500	0.24500	1.72022	1.04227	1.54820	0.72959	3.00749	0.49000	1.72022	1403.80000	1000
0.49100	5.27064	1227.63545	25	55	200	10	12	16	293.14297	82.68135	248.27961	96.55318	95.27025	93.70809	1.47300	0.19365	0.35209	0.24550	0.24550	1.72022	1.04068	1.54820	0.72848	3.00640	0.49100	1.72022	1403.80000	1000
0.49200	5.27085	1230.57418	25	55	200	10	12	16	294.33825	83.01848	248.91351	96.79970	95.51600	93.98824	1.47600	0.19286	0.35066	0.24600	0.24600	1.72022	1.03910	1.54820	0.72737	3.00532	0.49200	1.72022	1403.80000	1000
0.49300	5.27107	1233.51889	25	55	200	10	12	16	295.53596	83.35630	249.54870	97.04672	95.76225	94.26897	1.47900	0.19208	0.34924	0.24650	0.24650	1.72022	1.03753	1.54820	0.72627	3.00425	0.49300	1.72022	1403.80000	1000
0.49400	5.27132	1236.46958	25	55	200	10	12	16	296.73611	83.69480	250.18518	97.29424	96.00900	94.55026	1.48200	0.19131	0.34783	0.24700	0.24700	1.72022	1.03597	1.54820	0.72518	3.00319	0.49400	1.72022	1403.80000	1000
0.49500	5.27160	1239.42625	25	55	200	10	12	16	297.93869	84.03399	250.82295	97.54226	96.25625	94.83213	1.48500	0.19053	0.34642	0.24750	0.24750	1.72022	1.03442	1.54820	0.72409	3.00214	0.49500	1.72022	1403.80000	1000
0.49600	5.27189	1242.38890	25	55	200	10	12	16	299.14369	84.37386	251.46201	97.79078	96.50400	95.11456	1.48800	0.18977	0.34503	0.24800	0.24800	1.72022	1.03288	1.54820	0.72301	3.00110	0.49600	1.72022	1403.80000	1000
0.49700	5.27221	1245.35754	25	55	200	10	12	16	300.35113	84.71442	252.10236	98.03981	96.75225	95.39757	1.49100	0.18900	0.34364	0.24850	0.24850	1.72022	1.03134	1.54820	0.72194	3.00006	0.49700	1.72022	1403.80000	1000
0.49800	5.27255	1248.33215	25	55	200	10	12	16	301.56101	85.05567	252.74400	98.28933	97.00100	95.68114	1.49400	0.18824	0.34226	0.24900	0.24900	1.72022	1.02982	1.54820	0.72087	2.99904	0.49800	1.72022	1403.80000	1000
0.49900	5.27291	1251.31274	25	55	200	10	12	16	302.77331	85.39760	253.38693	98.53936	97.25025	95.96529	1.49700	0.18749	0.34089	0.24950	0.24950	1.72022	1.02831	1.54820	0.71981	2.99803	0.49900	1.72022	1403.80000	1000
0.50000	5.27329	1254.29931	25	55	200	10	12	16	303.98805	85.74022	254.03115	98.78989	97.50000	96.25000	1.50000	0.18674	0.33953	0.25000	0.25000	1.72022	1.02680	1.54820	0.71876	2.99702	0.50000	1.72022	1403.80000	1000
0.50100	5.27370	1257.29187	25	55	200	10	12	16	305.20522	86.08352	254.67667	99.04093	97.75025	96.53529	1.50300	0.18600	0.33818	0.25050	0.25050	1.72022	1.02531	1.54820	0.71771	2.99603	0.50100	1.72022	1403.80000	1000
0.50200	5.27413	1260.29040	25	55	200	10	12	16	306.42482	86.42751	255.32347	99.29246	98.00100	96.82114	1.50600	0.18526	0.33683	0.25100	0.25100	1.72022	1.02382	1.54820	0.71667	2.99504	0.50200	1.72022	1403.80000	1000
0.50300	5.27457	1263.29491	25	55	200	10	12	16	307.64685	86.77219	255.97157	99.54450	98.25225	97.10757	1.50900	0.18452	0.33549	0.25150	0.25150	1.72022	1.02234	1.54820	0.71564	2.99406	0.50300	1.72022	1403.80000	1000
0.50400	5.27504	1266.30541	25	55	200	10	12	16	308.87131	87.11755	256.62095	99.79704	98.50400	97.39456	1.51200	0.18379	0.33416	0.25200	0.25200	1.72022	1.02087	1.54820	0.71461	2.99309	0.50400	1.72022	1403.80000	1000
0.50500	5.27553	1269.32188	25	55	200	10	12	16	310.09821	87.46360	257.27163	100.05008	98.75625	97.68213	1.51500	0.18306	0.33284	0.25250	0.25250	1.72022	1.01941	1.54820	0.71359	2.99213	0.50500	1.72022	1403.80000	1000
0.50600	5.27604	1272.34433	25	55	200	10	12	16	311.32753	87.81033	257.92359	100.30362	99.00900	97.97026	1.51800	0.18234	0.33153	0.25300	0.25300	1.72022	1.01796	1.54820	0.71257	2.99118	0.50600	1.72022	1403.80000	1000
0.50700	5.27657	1275.37277	25	55	200	10	12	16	312.55929	88.15775	258.57685	100.55766	99.26225	98.25897	1.52100	0.18162	0.33022	0.25350	0.25350	1.72022	1.01651	1.54820	0.71156	2.99023	0.50700	1.72022	1403.80000	1000
0.50800	5.27713	1278.40718	25	55	200	10	12	16	313.79349	88.50585	259.23139	100.81221	99.51600	98.54824	1.52400	0.18091	0.32892	0.25400	0.25400	1.72022	1.01508	1.54820	0.71056	2.98930	0.50800	1.72022	1403.80000	1000
0.50900	5.27770	1281.44758	25	55	200	10	12	16	315.03011	88.85465	259.88723	101.06726	99.77025	98.83809	1.52700	0.18020	0.32763	0.25450	0.25450	1.72022	1.01365	1.54820	0.70956	2.98837	0.50900	1.72022	1403.80000	1000
0.51000	5.27829	1284.49395	25	55	200	10	12	16	316.26916	89.20412	260.54436	101.32281	100.02500	99.12850	1.53000	0.17949	0.32635	0.25500	0.25500	1.72022	1.01223	1.54820	0.70856	2.98745	0.51000	1.72022	1403.80000	1000
0.51100	5.27890	1287.54631	25	55	200	10	12	16	317.51065	89.55429	261.20278	101.57886	100.28025	99.41949	1.53300	0.17879	0.32507	0.25550	0.25550	1.72022	1.01082	1.54820	0.70758	2.98654	0.51100	1.72022	1403.80000	1000
0.51200	5.27954	1290.60464	25	55	200	10	12	16	318.75457	89.90514	261.86249	101.83541	100.53600	99.71104	1.53600	0.17809	0.32380	0.25600	0.25600	1.72022	1.00942	1.54820	0.70660	2.98564	0.51200	1.72022	1403.80000	1000
0.51300	5.28019	1293.66896	25	55	200	10	12	16	320.00092	90.25667	262.52349	102.09247	100.79225	100.00317	1.53900	0.17740	0.32254	0.25650	0.25650	1.72022	1.00803	1.54820	0.70562	2.98475	0.51300	1.72022	1403.80000	1000
0.51400	5.28086	1296.73926	25	55	200	10	12	16	321.24970	90.60889	263.18578	102.35002	101.04900	100.29586	1.54200	0.17671	0.32129	0.25700	0.25700	1.72022	1.00664	1.54820	0.70465	2.98386	0.51400	1.72022	1403.80000	1000
0.51500	5.28155	1299.81553	25	55	200	10	12	16	322.50092	90.96180	263.84936	102.60808	101.30625	100.58913	1.54500	0.17602	0.32004	0.25750	0.25750	1.72022	1.00527	1.54820	0.70369	2.98299	0.51500	1.72022	1403.80000	1000
0.51600	5.28226	1302.89779	25	55	200	10	12	16	323.75457	91.31539	264.51423	102.86664	101.56400	100.88296	1.54800	0.17534	0.31880	0.25800	0.25800	1.72022	1.00390	1.54820	0.70273	2.98212	0.51600	1.72022	1403.80000	1000
0.51700	5.28299	1305.98603	25	55	200	10	12	16	325.01064	91.66967	265.18039	103.12571	101.82225	101.17737	1.55100	0.17466	0.31757	0.25850	0.25850	1.72022	1.00254	1.54820	0.70178	2.98126	0.51700	1.72022	1403.80000	1000
0.51800	5.28374	1309.08024	25	55	200	10	12	16	326.26916	92.02463	265.84784	103.38527	102.08100	101.47234	1.55400	0.17399	0.31634	0.25900	0.25900	1.72022	1.00118	1.54820	0.70083	2.98040	0.51800	1.72022	1403.80000	1000
0.51900	5.28450	1312.18044	25	55	200	10	12	16	327.53010	92.38028	266.51658	103.64534	102.34025	101.76789	1.55700	0.17332	0.31513	0.25950	0.25950	1.72022	0.99984	1.54820	0.69989	2.97956	0.51900	1.72022	1403.80000	1000
0.52000	5.28529	1315.28662	25	55	200	10	12	16	328.79347	92.73662	267.18662	103.90591	102.60000	102.06400	1.56000	0.17265	0.31392	0.26000	0.26000	1.72022	0.99850	1.54820	0.69895	2.97872	0.52000	1.72022	1403.80000	1000
0.52100	5.28609	1318.39877	25	55	200	10	12	16	330.05928	93.09364	267.85794	104.16698	102.86025	102.36069	1.56300	0.17199	0.31271	0.26050	0.26050	1.72022	0.99717	1.54820	0.69802	2.97789	0.52100	1.72022	1403.80000	1000
0.52200	5.28691	1321.51691	25	55	200	10	12	16	331.32752	93.45135	268.53055	104.42855	103.12100	102.65794	1.56600	0.17133	0.31151	0.26100	0.26100	1.72022	0.99585	1.54820	0.69709	2.97707	0.52200	1.72022	1403.80000	1000
0.52300	5.28775	1324.64103	25	55	200	10	12	16	332.59819	93.80974	269.20446	104.69062	103.38225	102.95577	1.56900	0.17068	0.31032	0.26150	0.26150	1.72022	0.99453	1.54820	0.69617	2.97625	0.52300	1.72022	1403.80000	1000
0.52400	5.28861	1327.77113	25	55	200	10	12	16	333.87129	94.16882	269.87965	104.95320	103.64400	103.25416	1.57200	0.17003	0.30914	0.26200	0.26200	1.72022	0.99322	1.54820	0.69526	2.97544	0.52400	1.72022	1403.80000	1000
0.52500	5.28949	1330.90721	25	55	200	10	12	16	335.14682	94.52859	270.55614	105.21628	103.90625	103.55313	1.57500	0.16938	0.30796	0.26250	0.26250	1.72022	0.99192	1.54820	0.69435	2.97464	0.52500	1.72022	1403.80000	1000
0.52600	5.29038	1334.04926	25	55	200	10	12	16	336.42479	94.88904	271.23392	105.47986	104.16900	103.85266	1.57800	0.16874	0.30679	0.26300	0.26300	1.72022	0.99063	1.54820	0.69344	2.97385	0.52600	1.72022	1403.80000	1000
0.52700	5.29129	1337.19730	25	55	200	10	12	16	337.70519	95.25018	271.91298	105.74394	104.43225	104.15277	1.58100	0.16810	0.30563	0.26350	0.26350	1.72022	0.98935	1.54820	0.69254	2.97307	0.52700	1.72022	1403.80000	1000
0.52800	5.29224	1340.35553	25	55	200	10	12	16	338.98802	95.61200	272.59637	106.00970	104.69600	104.45344	1.58400	0.16746	0.30447	0.26400	0.26400	1.72022	0.98808	1.54820	0.69166	2.97230	0.52800	1.72022	1403.80000	1000
0.52900	5.29318	1343.51559	25	55	200	10	12	16	340.27328	95.97451	273.27806	106.27480	104.96025	104.75469	1.58700	0.16683	0.30332	0.26450	0.26450	1.72022	0.98681	1.54820	0.69077	2.97153	0.52900	1.72022	1403.80000	1000
0.53000	5.29415	1346.68162	25	55	200	10	12	16	341.56097	96.33771	273.96104	106.54040	105.22500	105.05650	1.59000	0.16620	0.30218	0.26500	0.26500	1.72022	0.98555	1.54820	0.68988	2.97077	0.53000	1.72022	1403.80000	1000
0.53100	5.29513	1349.85364	25	55	200	10	12	16	342.85110	96.70159	274.64531	106.80651	105.49025	105.35889	1.59300	0.16557	0.30104	0.26550	0.26550	1.72022	0.98429	1.54820	0.68900	2.97001	0.53100	1.72022	1403.80000	1000
0.53200	5.29613	1353.03163	25	55	200	10	12	16	344.14365	97.06616	275.33087	107.07311	105.75600	105.66184	1.59600	0.16495	0.29991	0.26600	0.26600	1.72022	0.98304	1.54820	0.68813	2.96926	0.53200	1.72022	1403.80000	1000
0.53300	5.29714	1356.21561	25	55	200	10	12	16	345.43864	97.43141	276.01772	107.34022	106.02225	105.96537	1.59900	0.16433	0.29879	0.26650	0.26650	1.72022	0.98180	1.54820	0.68726	2.96852	0.53300	1.72022	1403.80000	1000
0.53400	5.29817	1359.40556	25	55	200	10	12	16	346.73606	97.79735	276.70586	107.60783	106.28900	106.26946	1.60200	0.16372	0.29767	0.26700	0.26700	1.72022	0.98056	1.54820	0.68639	2.96778	0.53400	1.72022	1403.80000	1000
0.53500	5.29922	1362.60150	25	55	200	10	12	16	348.03592	98.16398	277.39529	107.87595	106.55625	106.57413	1.60500	0.16311	0.29656	0.26750	0.26750	1.72022	0.97933	1.54820	0.68553	2.96706	0.53500	1.72022	1403.80000	1000
0.53600	5.30029	1365.80342	25	55	200	10	12	16	349.33820	98.53129	278.08601	108.14456	106.82400	106.87936	1.60800	0.16250	0.29545	0.26800	0.26800	1.72022	0.97811	1.54820	0.68468	2.96633	0.53600	1.72022	1403.80000	1000
0.53700	5.30137	1369.01132	25	55	200	10	12	16	350.64292	98.89928	278.77802	108.41368	107.09225	107.18517	1.61100	0.16189	0.29435	0.26850	0.26850	1.72022	0.97690	1.54820	0.68383	2.96562	0.53700	1.72022	1403.80000	1000
0.53800	5.30247	1372.22520	25	55	200	10	12	16	351.95007	99.26797	279.47133	108.68329	107.36100	107.49154	1.61400	0.16129	0.29326	0.26900	0.26900	1.72022	0.97569	1.54820	0.68298	2.96491	0.53800	1.72022	1403.80000	1000
0.53900	5.30358	1375.44506	25	55	200	10	12	16	353.25965	99.63734	280.16592	108.95341	107.63025	107.79849	1.61700	0.16070	0.29217	0.26950	0.26950	1.72022	0.97449	1.54820	0.68214	2.96421	0.53900	1.72022	1403.80000	1000
0.54000	5.30471	1378.67089	25	55	200	10	12	16	354.57166	100.00739	280.86181	109.22404	107.90000	108.10600	1.62000	0.16010	0.29109	0.27000	0.27000	1.72022	0.97330	1.54820	0.68131	2.96352	0.54000	1.72022	1403.80000	1000
0.54100	5.30586	1381.90271	25	55	200	10	12	16	355.88610	100.37813	281.55898	109.49516	108.17025	108.41409	1.62300	0.15951	0.29002	0.27050	0.27050	1.72022	0.97211	1.54820	0.68048	2.96283	0.54100	1.72022	1403.80000	1000
0.54200	5.30702	1385.14052	25	55	200	10	12	16	357.20298	100.74956	282.25745	109.76679	108.44100	108.72274	1.62600	0.15892	0.28895	0.27100	0.27100	1.72022	0.97093	1.54820	0.67965	2.96215	0.54200	1.72022	1403.80000	1000
0.54300	5.30819	1388.38430	25	55	200	10	12	16	358.52229	101.12167	282.95721	110.03891	108.71225	109.03197	1.62900	0.15834	0.28789	0.27150	0.27150	1.72022	0.96975	1.54820	0.67883	2.96147	0.54300	1.72022	1403.80000	1000
0.54400	5.30939	1391.63406	25	55	200	10	12	16	359.84403	101.49447	283.65826	110.31154	108.98400	109.34176	1.63200	0.15776	0.28683	0.27200	0.27200	1.72022	0.96858	1.54820	0.67801	2.96080	0.54400	1.72022	1403.80000	1000
0.54500	5.31060	1394.88980	25	55	200	10	12	16	361.16820	101.86795	284.36060	110.58468	109.25625	109.65213	1.63500	0.15718	0.28578	0.27250	0.27250	1.72022	0.96742	1.54820	0.67720	2.96014	0.54500	1.72022	1403.80000	1000
0.54600	5.31182	1398.15152	25	55	200	10	12	16	362.49480	102.24212	285.06423	110.85831	109.52900	109.96306	1.63800	0.15660	0.28473	0.27300	0.27300	1.72022	0.96627	1.54820	0.67639	2.95949	0.54600	1.72022	1403.80000	1000
0.54700	5.31306	1401.41923	25	55	200	10	12	16	363.82384	102.61698	285.76915	111.13245	109.80225	110.27457	1.64100	0.15603	0.28369	0.27350	0.27350	1.72022	0.96512	1.54820	0.67558	2.95884	0.54700	1.72022	1403.80000	1000
0.54800	5.31431	1404.69291	25	55	200	10	12	16	365.15531	102.99252	286.47536	111.40708	110.07600	110.58664	1.64400	0.15546	0.28266	0.27400	0.27400	1.72022	0.96397	1.54820	0.67478	2.95820	0.54800	1.72022	1403.80000	1000
0.54900	5.31558	1407.97257	25	55	200	10	12	16	366.48921	103.36875	287.18286	111.68222	110.35025	110.89929	1.64700	0.15489	0.28163	0.27450	0.27450	1.72022	0.96284	1.54820	0.67399	2.95756	0.54900	1.72022	1403.80000	1000
0.55000	5.31686	1411.25822	25	55	200	10	12	16	367.82554	103.74566	287.89165	111.95786	110.62500	111.21250	1.65000	0.15433	0.28060	0.27500	0.27500	1.72022	0.96171	1.54820	0.67320	2.95693	0.55000	1.72022	1403.80000	1000
0.55100	5.31816	1414.54984	25	55	200	10	12	16	369.16430	104.12326	288.60173	112.23401	110.90025	111.52629	1.65300	0.15377	0.27959	0.27550	0.27550	1.72022	0.96058	1.54820	0.67241	2.95630	0.55100	1.72022	1403.80000	1000
0.55200	5.31948	1417.84745	25	55	200	10	12	16	370.50550	104.50155	289.31311	112.51065	111.17600	111.84064	1.65600	0.15322	0.27857	0.27600	0.27600	1.72022	0.95947	1.54820	0.67163	2.95569	0.55200	1.72022	1403.80000	1000
0.55300	5.32080	1421.15103	25	55	200	10	12	16	371.84912	104.88052	290.02577	112.78780	111.45225	112.15557	1.65900	0.15266	0.27757	0.27650	0.27650	1.72022	0.95835	1.54820	0.67085	2.95507	0.55300	1.72022	1403.80000	1000
0.55400	5.32215	1424.46060	25	55	200	10	12	16	373.19518	105.26018	290.73973	113.06545	111.72900	112.47106	1.66200	0.15211	0.27657	0.27700	0.27700	1.72022	0.95725	1.54820	0.67007	2.95447	0.55400	1.72022	1403.80000	1000
0.55500	5.32350	1427.77615	25	55	200	10	12	16	374.54367	105.64052	291.45497	113.34360	112.00625	112.78713	1.66500	0.15156	0.27557	0.27750	0.27750	1.72022	0.95615	1.54820	0.66930	2.95387	0.55500	1.72022	1403.80000	1000
0.55600	5.32487	1431.09767	25	55	200	10	12	16	375.89460	106.02155	292.17151	113.62225	112.28400	113.10376	1.66800	0.15102	0.27458	0.27800	0.27800	1.72022	0.95505	1.54820	0.66854	2.95327	0.55600	1.72022	1403.80000	1000
0.55700	5.32626	1434.42518	25	55	200	10	12	16	377.24795	106.40327	292.88934	113.90141	112.56225	113.42097	1.67100	0.15048	0.27360	0.27850	0.27850	1.72022	0.95397	1.54820	0.66778	2.95269	0.55700	1.72022	1403.80000	1000
0.55800	5.32766	1437.75867	25	55	200	10	12	16	378.60374	106.78567	293.60846	114.18107	112.84100	113.73874	1.67400	0.14994	0.27262	0.27900	0.27900	1.72022	0.95288	1.54820	0.66702	2.95210	0.55800	1.72022	1403.80000	1000
0.55900	5.32907	1441.09814	25	55	200	10	12	16	379.96196	107.16876	294.32886	114.46123	113.12025	114.05709	1.67700	0.14940	0.27164	0.27950	0.27950	1.72022	0.95181	1.54820	0.66626	2.95153	0.55900	1.72022	1403.80000	1000
0.56000	5.33050	1444.44359	25	55	200	10	12	16	381.32261	107.55253	295.05056	114.74189	113.40000	114.37600	1.68000	0.14887	0.27067	0.28000	0.28000	1.72022	0.95074	1.54820	0.66552	2.95096	0.56000	1.72022	1403.80000	1000
0.56100	5.33194	1447.79502	25	55	200	10	12	16	382.68569	107.93699	295.77355	115.02305	113.68025	114.69549	1.68300	0.14834	0.26971	0.28050	0.28050	1.72022	0.94967	1.54820	0.66477	2.95039	0.56100	1.72022	1403.80000	1000
0.56200	5.33339	1451.15243	25	55	200	10	12	16	384.05120	108.32213	296.49783	115.30471	113.96100	115.01554	1.68600	0.14781	0.26875	0.28100	0.28100	1.72022	0.94861	1.54820	0.66403	2.94983	0.56200	1.72022	1403.80000	1000
0.56300	5.33486	1454.51582	25	55	200	10	12	16	385.41915	108.70797	297.22341	115.58688	114.24225	115.33617	1.68900	0.14729	0.26779	0.28150	0.28150	1.72022	0.94756	1.54820	0.66329	2.94928	0.56300	1.72022	1403.80000	1000
0.56400	5.33634	1457.88519	25	55	200	10	12	16	386.78953	109.09448	297.95027	115.86955	114.52400	115.65736	1.69200	0.14677	0.26685	0.28200	0.28200	1.72022	0.94651	1.54820	0.66256	2.94873	0.56400	1.72022	1403.80000	1000
0.56500	5.33784	1461.26054	25	55	200	10	12	16	388.16234	109.48169	298.67842	116.15272	114.80625	115.97913	1.69500	0.14625	0.26590	0.28250	0.28250	1.72022	0.94547	1.54820	0.66183	2.94819	0.56500	1.72022	1403.80000	1000
0.56600	5.33934	1464.64187	25	55	200	10	12	16	389.53758	109.86957	299.40787	116.43639	115.08900	116.30146	1.69800	0.14573	0.26496	0.28300	0.28300	1.72022	0.94443	1.54820	0.66110	2.94765	0.56600	1.72022	1403.80000	1000
0.56700	5.34087	1468.02918	25	55	200	10	12	16	390.91525	110.25815	300.13860	116.72057	115.37225	116.62437	1.70100	0.14522	0.26403	0.28350	0.28350	1.72022	0.94340	1.54820	0.66038	2.94712	0.56700	1.72022	1403.80000	1000
0.56800	5.34240	1471.42248	25	55	200	10	12	16	392.29536	110.64741	300.87062	117.00524	115.65600	116.94784	1.70400	0.14471	0.26310	0.28400	0.28400	1.72022	0.94237	1.54820	0.65966	2.94659	0.56800	1.72022	1403.80000	1000
0.56900	5.34395	1474.82175	25	55	200	10	12	16	393.67790	111.03736	301.60394	117.29042	115.94025	117.27189	1.70700	0.14420	0.26218	0.28450	0.28450	1.72022	0.94135	1.54820	0.65895	2.94607	0.56900	1.72022	1403.80000	1000
0.57000	5.34551	1478.22700	25	55	200	10	12	16	395.06287	111.42799	302.33855	117.57610	116.22500	117.59650	1.71000	0.14369	0.26126	0.28500	0.28500	1.72022	0.94034	1.54820	0.65824	2.94556	0.57000	1.72022	1403.80000	1000
0.57100	5.34708	1481.63824	25	55	200	10	12	16	396.45027	111.81931	303.07444	117.86228	116.51025	117.92169	1.71300	0.14319	0.26034	0.28550	0.28550	1.72022	0.93933	1.54820	0.65753	2.94505	0.57100	1.72022	1403.80000	1000
0.57200	5.34867	1485.05545	25	55	200	10	12	16	397.84010	112.21131	303.81163	118.14897	116.79600	118.24744	1.71600	0.14269	0.25943	0.28600	0.28600	1.72022	0.93832	1.54820	0.65683	2.94454	0.57200	1.72022	1403.80000	1000
0.57300	5.35026	1488.47865	25	55	200	10	12	16	399.23237	112.60400	304.55011	118.43615	117.08225	118.57377	1.71900	0.14219	0.25853	0.28650	0.28650	1.72022	0.93732	1.54820	0.65613	2.94404	0.57300	1.72022	1403.80000	1000
0.57400	5.35187	1491.90782	25	55	200	10	12	16	400.62706	112.99738	305.28988	118.72384	117.36900	118.90066	1.72200	0.14170	0.25763	0.28700	0.28700	1.72022	0.93633	1.54820	0.65543	2.94355	0.57400	1.72022	1403.80000	1000
0.57500	5.35350	1495.34298	25	55	200	10	12	16	402.02419	113.39144	306.03094	119.01203	117.65625	119.22813	1.72500	0.14120	0.25673	0.28750	0.28750	1.72022	0.93534	1.54820	0.65474	2.94306	0.57500	1.72022	1403.80000	1000
0.57600	5.35513	1498.78411	25	55	200	10	12	16	403.42375	113.78619	306.77329	119.30072	117.94400	119.55616	1.72800	0.14071	0.25584	0.28800	0.28800	1.72022	0.93436	1.54820	0.65405	2.94258	0.57600	1.72022	1403.80000	1000
0.57700	5.35678	1502.23123	25	55	200	10	12	16	404.82575	114.18162	307.51693	119.58992	118.23225	119.88477	1.73100	0.14023	0.25496	0.28850	0.28850	1.72022	0.93338	1.54820	0.65336	2.94210	0.57700	1.72022	1403.80000	1000
0.57800	5.35844	1505.68433	25	55	200	10	12	16	406.23017	114.57774	308.26186	119.87961	118.52100	120.21394	1.73400	0.13974	0.25408	0.28900	0.28900	1.72022	0.93240	1.54820	0.65268	2.94162	0.57800	1.72022	1403.80000	1000
0.57900	5.36011	1509.14340	25	55	200	10	12	16	407.63703	114.97455	309.00808	120.16981	118.81025	120.54369	1.73700	0.13926	0.25320	0.28950	0.28950	1.72022	0.93143	1.54820	0.65200	2.94115	0.57900	1.72022	1403.80000	1000
0.58000	5.36180	1512.60846	25	55	200	10	12	16	409.04632	115.37204	309.75560	120.46051	119.10000	120.87400	1.74000	0.13878	0.25233	0.29000	0.29000	1.72022	0.93047	1.54820	0.65133	2.94069	0.58000	1.72022	1403.80000	1000
0.58100	5.36349	1516.07950	25	55	200	10	12	16	410.45804	115.77022	310.50440	120.75171	119.39025	121.20489	1.74300	0.13830	0.25146	0.29050	0.29050	1.72022	0.92951	1.54820	0.65066	2.94023	0.58100	1.72022	1403.80000	1000
0.58200	5.36520	1519.55652	25	55	200	10	12	16	411.87219	116.16908	311.25450	121.04341	119.68100	121.53634	1.74600	0.13783	0.25060	0.29100	0.29100	1.72022	0.92856	1.54820	0.64999	2.93978	0.58200	1.72022	1403.80000	1000
0.58300	5.36692	1523.03952	25	55	200	10	12	16	413.28877	116.56863	312.00588	121.33562	119.97225	121.86837	1.74900	0.13735	0.24974	0.29150	0.29150	1.72022	0.92761	1.54820	0.64933	2.93933	0.58300	1.72022	1403.80000	1000
0.58400	5.36865	1526.52850	25	55	200	10	12	16	414.70779	116.96886	312.75856	121.62833	120.26400	122.20096	1.75200	0.13688	0.24888	0.29200	0.29200	1.72022	0.92667	1.54820	0.64867	2.93889	0.58400	1.72022	1403.80000	1000
0.58500	5.37040	1530.02346	25	55	200	10	12	16	416.12924	117.36979	313.51252	121.92154	120.55625	122.53413	1.75500	0.13642	0.24803	0.29250	0.29250	1.72022	0.92573	1.54820	0.64801	2.93845	0.58500	1.72022	1403.80000	1000
0.58600	5.37215	1533.52440	25	55	200	10	12	16	417.55312	117.77139	314.26778	122.21525	120.84900	122.86786	1.75800	0.13595	0.24719	0.29300	0.29300	1.72022	0.92479	1.54820	0.64735	2.93801	0.58600	1.72022	1403.80000	1000
0.58700	5.37392	1537.03132	25	55	200	10	12	16	418.97943	118.17369	315.02433	122.50946	121.14225	123.20217	1.76100	0.13549	0.24634	0.29350	0.29350	1.72022	0.92386	1.54820	0.64670	2.93758	0.58700	1.72022	1403.80000	1000
0.58800	5.37569	1540.54422	25	55	200	10	12	16	420.40817	118.57666	315.78217	122.80418	121.43600	123.53704	1.76400	0.13503	0.24551	0.29400	0.29400	1.72022	0.92294	1.54820	0.64606	2.93716	0.58800	1.72022	1403.80000	1000
0.58900	5.37748	1544.06310	25	55	200	10	12	16	421.83935	118.98033	316.54130	123.09939	121.73025	123.87249	1.76700	0.13457	0.24467	0.29450	0.29450	1.72022	0.92202	1.54820	0.64541	2.93674	0.58900	1.72022	1403.80000	1000
0.59000	5.37928	1547.58796	25	55	200	10	12	16	423.27296	119.38468	317.30172	123.39511	122.02500	124.20850	1.77000	0.13412	0.24385	0.29500	0.29500	1.72022	0.92110	1.54820	0.64477	2.93632	0.59000	1.72022	1403.80000	1000
0.59100	5.38109	1551.11881	25	55	200	10	12	16	424.70900	119.78972	318.06343	123.69133	122.32025	124.54509	1.77300	0.13366	0.24302	0.29550	0.29550	1.72022	0.92019	1.54820	0.64413	2.93591	0.59100	1.72022	1403.80000	1000
0.59200	5.38292	1554.65563	25	55	200	10	12	16	426.14747	120.19544	318.82643	123.98805	122.61600	124.88224	1.77600	0.13321	0.24220	0.29600	0.29600	1.72022	0.91929	1.54820	0.64350	2.93551	0.59200	1.72022	1403.80000	1000
0.59300	5.38475	1558.19843	25	55	200	10	12	16	427.58837	120.60185	319.59072	124.28528	122.91225	125.21997	1.77900	0.13276	0.24138	0.29650	0.29650	1.72022	0.91838	1.54820	0.64287	2.93510	0.59300	1.72022	1403.80000	1000
0.59400	5.38659	1561.74722	25	55	200	10	12	16	429.03171	121.00894	320.35630	124.58301	123.20900	125.55826	1.78200	0.13231	0.24057	0.29700	0.29700	1.72022	0.91749	1.54820	0.64224	2.93471	0.59400	1.72022	1403.80000	1000
0.59500	5.38845	1565.30198	25	55	200	10	12	16	430.47747	121.41672	321.12317	124.88123	123.50625	125.89713	1.78500	0.13187	0.23976	0.29750	0.29750	1.72022	0.91659	1.54820	0.64162	2.93432	0.59500	1.72022	1403.80000	1000
0.59600	5.39032	1568.86273	25	55	200	10	12	16	431.92567	121.82519	321.89134	125.17996	123.80400	126.23656	1.78800	0.13143	0.23896	0.29800	0.29800	1.72022	0.91571	1.54820	0.64099	2.93393	0.59600	1.72022	1403.80000	1000
0.59700	5.39219	1572.42945	25	55	200	10	12	16	433.37630	122.23434	322.66079	125.47920	124.10225	126.57657	1.79100	0.13099	0.23816	0.29850	0.29850	1.72022	0.91482	1.54820	0.64038	2.93354	0.59700	1.72022	1403.80000	1000
0.59800	5.39408	1576.00216	25	55	200	10	12	16	434.82937	122.64418	323.43154	125.77893	124.40100	126.91714	1.79400	0.13055	0.23736	0.29900	0.29900	1.72022	0.91394	1.54820	0.63976	2.93316	0.59800	1.72022	1403.80000	1000
0.59900	5.39598	1579.58084	25	55	200	10	12	16	436.28486	123.05470	324.20357	126.07917	124.70025	127.25829	1.79700	0.13012	0.23657	0.29950	0.29950	1.72022	0.91307	1.54820	0.63915	2.93279	0.59900	1.72022	1403.80000	1000
0.60000	5.39789	1583.16551	25	55	200	10	12	16	437.74279	123.46591	324.97690	126.37991	125.00000	127.60000	1.80000	0.12968	0.23579	0.30000	0.30000	1.72022	0.91220	1.54820	0.63854	2.93242	0.60000	1.72022	1403.80000	1000
